stage,group,window,region,seeds,bandwidth_mhz_count,bandwidth_mhz_minimum,bandwidth_mhz_median,bandwidth_mhz_p95,bandwidth_mhz_maximum,bandwidth_error_vs_numpy_bins_count,bandwidth_error_vs_numpy_bins_minimum,bandwidth_error_vs_numpy_bins_median,bandwidth_error_vs_numpy_bins_p95,bandwidth_error_vs_numpy_bins_maximum,flags,observation_scope
s3_continuous,alpha0.25_support62mhz,hann,edge,[91001],2,55.200195,55.212402,55.2233883,55.224609,2,-3.072e-05,-2.8159999999999998e-05,-2.5855999999999998e-05,-2.56e-05,"[""""]","[""first_period_of_exact_repeated_capture""]"
s3_continuous,alpha0.25_support62mhz,hann,steady,[91001],2,54.80957,54.901123,54.9835207,54.992676,2,-2.56e-05,-3.839999999999999e-06,1.5744e-05,1.792e-05,"[""""]","[""first_period_of_exact_repeated_capture""]"
s3_continuous,alpha0.25_support62mhz,rect,edge,[91001],2,55.029297,55.0964355,55.15686015,55.163574,2,-1.792e-05,-3.8400000000000005e-06,8.832e-06,1.024e-05,"[""""]","[""first_period_of_exact_repeated_capture""]"
s3_continuous,alpha0.25_support62mhz,rect,steady,[91001],2,54.785156,54.8828125,54.97070335,54.980469,2,-2.048e-05,0.0,1.8432e-05,2.048e-05,"[""""]","[""first_period_of_exact_repeated_capture""]"
s3_continuous,alpha0.2_support60mhz,hann,edge,[91001],2,53.503418,53.540039,53.5729979,53.57666,2,-1.28e-05,-5.12e-06,1.7919999999999995e-06,2.56e-06,"[""""]","[""first_period_of_exact_repeated_capture""]"
s3_continuous,alpha0.2_support60mhz,hann,steady,[91001],2,53.57666,53.6315915,53.68102985,53.686523,2,-3.584e-05,-2.432e-05,-1.3952000000000001e-05,-1.28e-05,"[""""]","[""first_period_of_exact_repeated_capture""]"
s3_continuous,alpha0.2_support60mhz,rect,edge,[91001],2,53.625488,53.6315915,53.63708465,53.637695,2,-2.56e-05,-2.4319999999999998e-05,-2.3168e-05,-2.304e-05,"[""""]","[""first_period_of_exact_repeated_capture""]"
s3_continuous,alpha0.2_support60mhz,rect,steady,[91001],2,53.540039,53.5949705,53.64440885,53.649902,2,-2.816e-05,-1.664e-05,-6.272000000000001e-06,-5.12e-06,"[""""]","[""first_period_of_exact_repeated_capture""]"
s3_continuous,alpha0.4_support70mhz,hann,edge,[91001],2,59.436035,59.625243999999995,59.7955321,59.814453,2,-1.28e-05,-1.152e-05,-1.0368e-05,-1.024e-05,"[""""]","[""first_period_of_exact_repeated_capture""]"
s3_continuous,alpha0.4_support70mhz,hann,steady,[91001],2,60.021973,60.046387,60.0683596,60.070801,2,1.792e-05,2.3040000000000003e-05,2.7648e-05,2.816e-05,"[""""]","[""first_period_of_exact_repeated_capture""]"
s3_continuous,alpha0.4_support70mhz,rect,edge,[91001],2,59.570313,59.680176,59.7790527,59.790039,2,-5.12e-06,1.792e-05,3.8656e-05,4.096e-05,"[""""]","[""first_period_of_exact_repeated_capture""]"
s3_continuous,alpha0.4_support70mhz,rect,steady,[91001],2,59.899902,59.9365235,59.96948285,59.973145,2,-2.816e-05,5.119999999999998e-06,3.507199999999999e-05,3.84e-05,"[""""]","[""first_period_of_exact_repeated_capture""]"
s3_continuous,alpha0.6_support80mhz,hann,edge,[91001],2,66.491699,66.796875,67.0715334,67.102051,2,-1.792e-05,0.0,1.6128e-05,1.792e-05,"[""""]","[""first_period_of_exact_repeated_capture""]"
s3_continuous,alpha0.6_support80mhz,hann,steady,[91001],2,66.61377,66.638184,66.66015660000001,66.662598,2,2.816e-05,3.328e-05,3.7888e-05,3.84e-05,"[""""]","[""first_period_of_exact_repeated_capture""]"
s3_continuous,alpha0.6_support80mhz,rect,edge,[91001],2,66.97998,67.095947,67.2003173,67.211914,2,-3.84e-05,-2.176e-05,-6.7840000000000015e-06,-5.12e-06,"[""""]","[""first_period_of_exact_repeated_capture""]"
s3_continuous,alpha0.6_support80mhz,rect,steady,[91001],2,66.772461,66.85180650000001,66.92321745,66.931152,2,-2.816e-05,-1.1520000000000002e-05,3.4559999999999988e-06,5.12e-06,"[""""]","[""first_period_of_exact_repeated_capture""]"
s3_finite,alpha0.25_support62mhz,hann,edge,"[91001, 91002, 91003]",6,54.846191,55.139160000000004,55.37109375,55.419922,6,-3.328e-05,-1.28e-05,1.4079999999999999e-05,1.536e-05,"[""""]","[""finite_window""]"
s3_finite,alpha0.25_support62mhz,hann,steady,"[91001, 91002, 91003]",6,54.80957,54.91333,55.18493625,55.249023,6,-3.84e-05,-2.688e-05,2.368e-05,2.56e-05,"[""""]","[""finite_window""]"
s3_finite,alpha0.25_support62mhz,rect,edge,"[91001, 91002, 91003]",6,54.89502,55.004883,55.22766075,55.249023,6,-3.584e-05,1.5360000000000002e-05,3.712e-05,3.84e-05,"[""""]","[""finite_window""]"
s3_finite,alpha0.25_support62mhz,rect,steady,"[91001, 91002, 91003]",6,54.785156,54.9377445,55.15441875,55.212402,6,-3.072e-05,0.0,3.264e-05,3.584e-05,"[""""]","[""finite_window""]"
s3_finite,alpha0.2_support60mhz,hann,edge,"[91001, 91002, 91003]",6,53.295898,53.552246,53.768921000000006,53.820801,6,-3.584e-05,-7.68e-06,1.408e-05,1.792e-05,"[""""]","[""finite_window""]"
s3_finite,alpha0.2_support60mhz,hann,steady,"[91001, 91002, 91003]",6,53.393555,53.57666,53.7506105,53.771973,6,-3.584e-05,3.8400000000000005e-06,2.752e-05,2.816e-05,"[""""]","[""finite_window""]"
s3_finite,alpha0.2_support60mhz,rect,edge,"[91001, 91002, 91003]",6,53.149414,53.619384499999995,53.634643249999996,53.637695,6,-2.56e-05,-2.1760000000000002e-05,-5.12e-06,-5.12e-06,"[""""]","[""finite_window""]"
s3_finite,alpha0.2_support60mhz,rect,steady,"[91001, 91002, 91003]",6,53.515625,53.601074,53.74145525,53.771973,6,-2.816e-05,-8.959999999999999e-06,2.112e-05,2.816e-05,"[""""]","[""finite_window""]"
s3_finite,alpha0.4_support70mhz,hann,edge,"[91001, 91002, 91003]",6,59.362793,59.814453,59.95483425,59.960938,6,-3.584e-05,-1.024e-05,3.136e-05,4.096e-05,"[""""]","[""finite_window""]"
s3_finite,alpha0.4_support70mhz,hann,steady,"[91001, 91002, 91003]",6,59.606934,59.967041,60.058594,60.070801,6,-3.584e-05,2.3040000000000003e-05,3.328e-05,3.328e-05,"[""""]","[""finite_window""]"
s3_finite,alpha0.4_support70mhz,rect,edge,"[91001, 91002, 91003]",6,59.423828,59.729004,59.97314475,60.009766,6,-2.048e-05,7.680000000000001e-06,3.84e-05,4.096e-05,"[""""]","[""finite_window""]"
s3_finite,alpha0.4_support70mhz,rect,steady,"[91001, 91002, 91003]",6,59.680176,59.8571775,60.00061075,60.009766,6,-2.816e-05,1.024e-05,3.6479999999999996e-05,3.84e-05,"[""""]","[""finite_window""]"
s3_finite,alpha0.6_support80mhz,hann,edge,"[91001, 91002, 91003]",6,66.064453,66.668701,67.07763700000001,67.102051,6,-3.328e-05,-2.56e-06,3.328e-05,3.84e-05,"[""""]","[""finite_window""]"
s3_finite,alpha0.6_support80mhz,hann,steady,"[91001, 91002, 91003]",6,66.61377,66.75415050000001,67.00134299999999,67.041016,6,-1.792e-05,2.944e-05,3.712e-05,3.84e-05,"[""""]","[""finite_window""]"
s3_finite,alpha0.6_support80mhz,rect,edge,"[91001, 91002, 91003]",6,66.552734,66.9006345,67.1539305,67.211914,6,-3.84e-05,-3.2e-05,-6.4e-06,-5.12e-06,"[""""]","[""finite_window""]"
s3_finite,alpha0.6_support80mhz,rect,steady,"[91001, 91002, 91003]",6,66.442871,66.82128900000001,67.050171,67.089844,6,-2.816e-05,-5.12e-06,1.664e-05,2.048e-05,"[""""]","[""finite_window""]"
s3_finite,excluded_wrap,hann,edge,[91004],2,98.742676,99.041748,99.3109128,99.34082,2,-2.56e-05,-3.839999999999999e-06,1.5744e-05,1.792e-05,"[""""]","[""finite_window""]"
s3_finite,excluded_wrap,hann,steady,[91004],2,98.999023,99.029541,99.0570072,99.060059,2,-3.584e-05,-1.2800000000000013e-06,2.9823999999999998e-05,3.328e-05,"[""""]","[""finite_window""]"
s3_finite,excluded_wrap,rect,edge,[91004],2,98.803711,99.0356445,99.24438465,99.267578,2,-1.024e-05,-2.56e-06,4.351999999999999e-06,5.12e-06,"[""""]","[""finite_window""]"
s3_finite,excluded_wrap,rect,steady,[91004],2,98.88916,98.9318845,98.97033655,98.974609,2,-3.072e-05,-2.176e-05,-1.3696e-05,-1.28e-05,"[""""]","[""finite_window""]"
s3_finite,shift_alpha0.2,hann,edge,[91004],2,53.393555,53.479004,53.5559081,53.564453,2,-1.024e-05,7.68e-06,2.3807999999999996e-05,2.56e-05,"[""""]","[""finite_window""]"
s3_finite,shift_alpha0.2,hann,steady,[91004],2,53.271484,53.363037000000006,53.4454347,53.45459,2,-3.072e-05,-8.959999999999999e-06,1.0623999999999999e-05,1.28e-05,"[""""]","[""finite_window""]"
s3_finite,shift_alpha0.2,rect,edge,[91004],2,53.344727,53.417969,53.4838868,53.491211,2,5.12e-06,2.048e-05,3.4304e-05,3.584e-05,"[""""]","[""finite_window""]"
s3_finite,shift_alpha0.2,rect,steady,[91004],2,53.33252,53.430176,53.518066399999995,53.527832,2,-2.56e-06,1.7919999999999998e-05,3.6351999999999993e-05,3.84e-05,"[""""]","[""finite_window""]"
s3_finite,shift_alpha0.4,hann,edge,[91004],2,59.692383,59.710693500000005,59.72717295,59.729004,2,7.68e-06,1.1519999999999998e-05,1.4975999999999999e-05,1.536e-05,"[""""]","[""finite_window""]"
s3_finite,shift_alpha0.4,hann,steady,[91004],2,59.790039,59.826660000000004,59.8596189,59.863281,2,-2.048e-05,-1.28e-05,-5.888000000000001e-06,-5.12e-06,"[""""]","[""finite_window""]"
s3_finite,shift_alpha0.4,rect,edge,[91004],2,59.753418,59.765625,59.7766113,59.777832,2,-2.56e-06,0.0,2.304e-06,2.56e-06,"[""""]","[""finite_window""]"
s3_finite,shift_alpha0.4,rect,steady,[91004],2,59.753418,59.8205565,59.880981150000004,59.887695,2,-2.56e-05,-1.152e-05,1.1519999999999989e-06,2.56e-06,"[""""]","[""finite_window""]"
s3_finite,shift_alpha0.6,hann,edge,[91004],2,66.906738,67.120361,67.3126217,67.333984,2,-3.072e-05,-2.688e-05,-2.3424e-05,-2.304e-05,"[""""]","[""finite_window""]"
s3_finite,shift_alpha0.6,hann,steady,[91004],2,67.028809,67.2119145,67.37670945,67.39502,2,3.328e-05,3.5839999999999996e-05,3.8144e-05,3.84e-05,"[""""]","[""finite_window""]"
s3_finite,shift_alpha0.6,rect,edge,[91004],2,66.955566,66.9921875,67.02514685,67.028809,2,-3.328e-05,0.0,2.9951999999999997e-05,3.328e-05,"[""""]","[""finite_window""]"
s3_finite,shift_alpha0.6,rect,steady,[91004],2,67.016602,67.1936035,67.35290485,67.370605,2,-3.84e-05,-1.279999999999998e-06,3.2128e-05,3.584e-05,"[""""]","[""finite_window""]"
s3_refinement,alpha0.7,hann,edge,"[91001, 91002, 91003]",6,70.227051,70.489502,71.17309525,71.276855,6,-3.84e-05,-8.96e-06,3.52e-05,4.096e-05,"[""""]","[""finite_window""]"
s3_refinement,alpha0.7,hann,steady,"[91001, 91002, 91003]",6,70.117188,70.373535,70.7336425,70.76416,6,-3.84e-05,1.28e-05,3.84e-05,4.096e-05,"[""""]","[""finite_window""]"
s3_refinement,alpha0.7,rect,edge,"[91001, 91002, 91003]",6,70.227051,70.5078125,70.72448725,70.751953,6,-2.048e-05,1.024e-05,1.984e-05,2.048e-05,"[""""]","[""finite_window""]"
s3_refinement,alpha0.7,rect,steady,"[91001, 91002, 91003]",6,70.324707,70.471191,70.61462425,70.617676,6,-3.84e-05,-5.12e-06,1.984e-05,2.048e-05,"[""""]","[""finite_window""]"
s3_refinement,alpha0.8,hann,edge,"[91001, 91002, 91003]",6,73.840332,74.255371,74.75280725,74.768066,6,-3.584e-05,-2.048e-05,1.4720000000000001e-05,2.048e-05,"[""""]","[""finite_window""]"
s3_refinement,alpha0.8,hann,steady,"[91001, 91002, 91003]",6,73.999023,74.21875,74.55139175000001,74.572754,6,-3.584e-05,1.024e-05,3.328e-05,3.584e-05,"[""""]","[""finite_window""]"
s3_refinement,alpha0.8,rect,edge,"[91001, 91002, 91003]",6,73.840332,74.27368200000001,74.633789,74.633789,6,-3.84e-05,-3.8400000000000005e-06,3.392e-05,3.84e-05,"[""""]","[""finite_window""]"
s3_refinement,alpha0.8,rect,steady,"[91001, 91002, 91003]",6,74.09668,74.2248535,74.5178225,74.523926,6,-2.56e-06,1.664e-05,2.4959999999999998e-05,2.56e-05,"[""""]","[""finite_window""]"
s3_refinement,alpha0.9,hann,edge,"[91001, 91002, 91003]",6,77.478027,77.95410150000001,78.06091325,78.063965,6,-2.816e-05,1.152e-05,1.536e-05,1.536e-05,"[""""]","[""finite_window""]"
s3_refinement,alpha0.9,hann,steady,"[91001, 91002, 91003]",6,77.600098,77.94799850000001,78.112793,78.125,6,0.0,1.92e-05,3.776e-05,3.84e-05,"[""""]","[""finite_window""]"
s3_refinement,alpha0.9,rect,edge,"[91001, 91002, 91003]",6,77.67334,77.905273,77.990723,78.00293,6,-3.84e-05,-5.12e-06,3.328e-05,3.584e-05,"[""""]","[""finite_window""]"
s3_refinement,alpha0.9,rect,steady,"[91001, 91002, 91003]",6,77.612305,77.84423799999999,78.1921385,78.234863,6,-2.816e-05,-1.024e-05,2.24e-05,2.56e-05,"[""""]","[""finite_window""]"
s3_refinement,alpha1.0,hann,edge,"[91001, 91002, 91003]",6,81.25,81.57959,81.98242175,82.043457,6,-3.328e-05,2.56e-06,3.2000000000000005e-05,3.584e-05,"[""""]","[""finite_window""]"
s3_refinement,alpha1.0,hann,steady,"[91001, 91002, 91003]",6,81.335449,81.6589355,81.92749025,81.970215,6,-3.328e-05,-3.84e-06,1.664e-05,1.792e-05,"[""""]","[""finite_window""]"
s3_refinement,alpha1.0,rect,edge,"[91001, 91002, 91003]",6,81.420898,81.79321300000001,82.07397449999999,82.080078,6,-3.584e-05,-7.680000000000001e-06,3.0079999999999997e-05,3.072e-05,"[""""]","[""finite_window""]"
s3_refinement,alpha1.0,rect,steady,"[91001, 91002, 91003]",6,81.445313,81.5734865,81.70471175,81.713867,6,-1.536e-05,1.408e-05,4.096e-05,4.096e-05,"[""""]","[""finite_window""]"
s3_refinement_continuous,alpha0.7,hann,edge,[91001],2,70.507813,70.6848145,70.84411585000001,70.861816,2,-3.328e-05,3.8400000000000005e-06,3.7248e-05,4.096e-05,"[""""]","[""first_period_of_exact_repeated_capture""]"
s3_refinement_continuous,alpha0.7,hann,steady,[91001],2,70.117188,70.440674,70.7318114,70.76416,2,-1.28e-05,1.408e-05,3.8271999999999995e-05,4.096e-05,"[""""]","[""first_period_of_exact_repeated_capture""]"
s3_refinement_continuous,alpha0.7,rect,edge,[91001],2,70.410156,70.5078125,70.59570335,70.605469,2,-2.048e-05,0.0,1.8432e-05,2.048e-05,"[""""]","[""first_period_of_exact_repeated_capture""]"
s3_refinement_continuous,alpha0.7,rect,steady,[91001],2,70.349121,70.48339849999999,70.60424825,70.617676,2,-7.68e-06,5.120000000000001e-06,1.664e-05,1.792e-05,"[""""]","[""first_period_of_exact_repeated_capture""]"
s3_refinement_continuous,alpha0.8,hann,edge,[91001],2,73.840332,73.88305650000001,73.92150855,73.925781,2,-2.048e-05,-1.152e-05,-3.456000000000001e-06,-2.56e-06,"[""""]","[""first_period_of_exact_repeated_capture""]"
s3_refinement_continuous,alpha0.8,hann,steady,[91001],2,74.047852,74.1638185,74.26818835,74.279785,2,-1.28e-05,1.1520000000000002e-05,3.3408e-05,3.584e-05,"[""""]","[""first_period_of_exact_repeated_capture""]"
s3_refinement_continuous,alpha0.8,rect,edge,[91001],2,73.840332,73.925781,74.0026851,74.01123,2,-3.84e-05,-2.048e-05,-4.352000000000002e-06,-2.56e-06,"[""""]","[""first_period_of_exact_repeated_capture""]"
s3_refinement_continuous,alpha0.8,rect,steady,[91001],2,74.09668,74.298096,74.4793704,74.499512,2,2.304e-05,2.4319999999999998e-05,2.5472e-05,2.56e-05,"[""""]","[""first_period_of_exact_repeated_capture""]"
s3_refinement_continuous,alpha0.9,hann,edge,[91001],2,77.478027,77.7648925,78.02307145,78.051758,2,-2.816e-05,-6.400000000000001e-06,1.3183999999999996e-05,1.536e-05,"[""""]","[""first_period_of_exact_repeated_capture""]"
s3_refinement_continuous,alpha0.9,hann,steady,[91001],2,77.600098,77.7771,77.9364018,77.954102,2,2.816e-05,3.2000000000000005e-05,3.5456e-05,3.584e-05,"[""""]","[""first_period_of_exact_repeated_capture""]"
s3_refinement_continuous,alpha0.9,rect,edge,[91001],2,77.67334,77.75878900000001,77.8356931,77.844238,2,-2.304e-05,-5.12e-06,1.1007999999999999e-05,1.28e-05,"[""""]","[""first_period_of_exact_repeated_capture""]"
s3_refinement_continuous,alpha0.9,rect,steady,[91001],2,77.612305,77.7160645,77.80944805,77.819824,2,-1.792e-05,3.839999999999999e-06,2.3423999999999998e-05,2.56e-05,"[""""]","[""first_period_of_exact_repeated_capture""]"
s3_refinement_continuous,alpha1.0,hann,edge,[91001],2,81.25,81.43310550000001,81.59790045000001,81.616211,2,0.0,2.56e-06,4.8639999999999995e-06,5.12e-06,"[""""]","[""first_period_of_exact_repeated_capture""]"
s3_refinement_continuous,alpha1.0,hann,steady,[91001],2,81.640625,81.80542,81.9537355,81.970215,2,0.0,6.4e-06,1.2159999999999999e-05,1.28e-05,"[""""]","[""first_period_of_exact_repeated_capture""]"
s3_refinement_continuous,alpha1.0,rect,edge,[91001],2,81.70166,81.89086900000001,82.0611571,82.080078,2,-1.28e-05,-1.152e-05,-1.0368e-05,-1.024e-05,"[""""]","[""first_period_of_exact_repeated_capture""]"
s3_refinement_continuous,alpha1.0,rect,steady,[91001],2,81.445313,81.55517599999999,81.6540527,81.665039,2,-5.12e-06,1.792e-05,3.8656e-05,4.096e-05,"[""""]","[""first_period_of_exact_repeated_capture""]"
s3_widest_60s,alpha1.0_support100mhz_candidate_actual80mhz,hann,edge,[91001],2,81.25,81.43310550000001,81.59790045000001,81.616211,2,0.0,2.56e-06,4.8639999999999995e-06,5.12e-06,"[""""]","[""first_period_of_exact_repeated_capture""]"
s3_widest_60s,alpha1.0_support100mhz_candidate_actual80mhz,hann,steady,[91001],2,81.640625,81.80542,81.9537355,81.970215,2,0.0,6.4e-06,1.2159999999999999e-05,1.28e-05,"[""""]","[""first_period_of_exact_repeated_capture""]"
