case,window,event,time_ns
0,0,input_first,388.000
0,0,input_last,131452.000
0,1,input_first,131460.000
0,0,fft_first,132970.035
0,1,input_last,262524.000
0,2,input_first,262532.000
0,0,fft_last,264030.261
0,1,fft_first,264036.927
0,0,bank_ready,264050.259
0,0,scan_first,264503.547
0,0,scan_last,278195.511
0,0,scan_result,278202.177
0,0,analysis_done,278820.000
0,0,record_observed,278828.000
0,2,input_last,393596.000
0,3,input_first,393604.000
0,1,fft_last,395097.153
0,2,fft_first,395103.819
0,1,bank_ready,395117.151
0,1,scan_first,395570.439
0,1,scan_last,409262.403
0,1,scan_result,409269.069
0,1,analysis_done,409884.000
0,1,record_observed,409892.000
0,3,input_last,524668.000
0,2,fft_last,525937.401
0,3,fft_first,525944.067
0,2,bank_ready,525957.399
0,2,scan_first,526410.687
0,2,scan_last,540102.651
0,2,scan_result,540109.317
0,2,analysis_done,540724.000
0,2,record_observed,540732.000
0,3,fft_last,635153.145
0,3,bank_ready,635173.143
0,3,scan_first,635626.431
0,3,scan_last,649318.395
0,3,scan_result,649325.061
0,3,analysis_done,649940.000
0,3,record_observed,649948.000
1,0,input_first,655140.000
1,0,input_last,786204.000
1,1,input_first,786212.000
1,0,fft_first,787711.221
1,1,input_last,917276.000
1,2,input_first,917284.000
1,0,fft_last,918771.447
1,1,fft_first,918778.113
1,0,bank_ready,918791.445
1,0,scan_first,919244.733
1,0,scan_last,932936.697
1,0,scan_result,932943.363
1,0,analysis_done,933564.000
1,0,record_observed,933572.000
1,2,input_last,1048348.000
1,3,input_first,1048356.000
1,1,fft_last,1049838.339
1,2,fft_first,1049858.337
1,1,bank_ready,1049858.337
1,1,scan_first,1050311.625
1,1,scan_last,1064003.589
1,1,scan_result,1064010.255
1,1,analysis_done,1064628.000
1,1,record_observed,1064636.000
1,3,input_last,1179420.000
1,2,fft_last,1180691.919
1,3,fft_first,1180698.585
1,2,bank_ready,1180711.917
1,2,scan_first,1181165.205
1,2,scan_last,1194857.169
1,2,scan_result,1194863.835
1,2,analysis_done,1195484.000
1,2,record_observed,1195492.000
1,3,fft_last,1289907.663
1,3,bank_ready,1289927.661
1,3,scan_first,1290380.949
1,3,scan_last,1304072.913
1,3,scan_result,1304079.579
1,3,analysis_done,1304700.000
1,3,record_observed,1304708.000
