time_ms,temperature,vccint,vccpint,vccbram,vccaux,vcco_ddr
1791527878649,56.7,0.978,0.976,0.978,1.793,1.333
1791527878869,56.8,0.978,0.976,0.979,1.794,1.334
1791527879083,57.1,0.978,0.975,0.978,1.794,1.334
1791527879304,57.0,0.978,0.975,0.978,1.794,1.334
1791527879520,56.6,0.978,0.976,0.978,1.793,1.334
1791527879724,56.8,0.979,0.976,0.978,1.794,1.333
1791527879936,57.0,0.978,0.976,0.979,1.794,1.334
1791527880153,56.7,0.978,0.976,0.979,1.794,1.334
1791527880357,57.0,0.978,0.978,0.979,1.794,1.334
1791527880576,56.8,0.978,0.975,0.978,1.793,1.334
1791527880781,57.1,0.979,0.976,0.979,1.794,1.334
1791527881005,56.8,0.978,0.977,0.979,1.794,1.336
1791527881222,57.0,0.979,0.976,0.979,1.794,1.334
1791527881443,57.0,0.979,0.977,0.979,1.794,1.335
1791527881659,56.8,0.979,0.977,0.979,1.794,1.335
1791527881880,57.0,0.978,0.974,0.979,1.794,1.335
1791527882095,57.1,0.979,0.976,0.979,1.794,1.334
1791527882315,57.0,0.979,0.975,0.979,1.794,1.335
1791527882532,56.6,0.978,0.976,0.978,1.793,1.334
1791527882750,57.1,0.979,0.976,0.979,1.794,1.335
1791527882967,57.0,0.978,0.976,0.978,1.794,1.335
1791527883188,56.6,0.978,0.976,0.979,1.793,1.334
1791527883403,57.0,0.978,0.975,0.979,1.794,1.332
1791527883625,57.0,0.979,0.975,0.979,1.794,1.335
1791527883842,57.0,0.979,0.976,0.979,1.794,1.335
1791527884064,57.0,0.979,0.976,0.978,1.794,1.335
1791527884279,57.1,0.978,0.976,0.979,1.795,1.335
1791527884482,56.8,0.978,0.974,0.979,1.794,1.334
1791527884689,57.0,0.978,0.976,0.979,1.794,1.334
1791527884903,56.8,0.978,0.975,0.978,1.793,1.333
1791527885107,56.6,0.978,0.975,0.979,1.793,1.334
1791527885323,56.7,0.978,0.976,0.979,1.793,1.334
1791527885527,56.8,0.979,0.974,0.978,1.794,1.335
1791527885748,56.6,0.978,0.976,0.978,1.793,1.333
1791527885964,57.1,0.979,0.977,0.979,1.794,1.334
1791527886186,57.0,0.978,0.976,0.979,1.794,1.335
1791527886400,57.1,0.978,0.976,0.979,1.794,1.335
1791527886619,56.6,0.978,0.977,0.978,1.793,1.334
1791527886834,57.0,0.978,0.977,0.979,1.794,1.334
1791527887056,57.0,0.979,0.977,0.979,1.794,1.334
1791527887272,56.6,0.977,0.976,0.978,1.793,1.334
1791527887493,56.8,0.979,0.974,0.979,1.794,1.335
1791527887710,56.7,0.978,0.975,0.979,1.793,1.334
1791527887931,57.1,0.979,0.976,0.979,1.795,1.334
1791527888146,57.1,0.978,0.977,0.979,1.795,1.334
1791527888350,57.0,0.977,0.976,0.978,1.794,1.334
1791527888556,56.8,0.978,0.976,0.978,1.794,1.334
1791527888771,56.8,0.979,0.977,0.979,1.794,1.335
1791527888991,57.0,0.978,0.976,0.979,1.794,1.335
1791527889205,57.1,0.978,0.977,0.979,1.794,1.334
1791527889409,57.1,0.979,0.975,0.979,1.794,1.335
1791527889616,57.1,0.979,0.976,0.979,1.795,1.335
1791527889830,56.8,0.977,0.975,0.978,1.793,1.334
1791527890051,56.8,0.978,0.975,0.978,1.793,1.334
1791527890266,57.0,0.979,0.976,0.979,1.794,1.335
1791527890487,57.0,0.978,0.976,0.979,1.794,1.336
1791527890702,57.0,0.979,0.976,0.979,1.794,1.334
1791527890922,56.8,0.978,0.975,0.978,1.793,1.333
1791527891137,57.0,0.978,0.976,0.979,1.794,1.334
1791527891341,57.0,0.978,0.976,0.979,1.794,1.334
1791527891558,56.8,0.978,0.976,0.978,1.792,1.334
1791527891762,56.7,0.978,0.975,0.978,1.793,1.334
1791527891965,57.0,0.979,0.976,0.979,1.794,1.334
1791527892183,57.1,0.978,0.976,0.979,1.794,1.334
1791527892389,57.2,0.978,0.976,0.979,1.794,1.334
1791527892607,56.7,0.977,0.973,0.977,1.792,1.334
1791527892822,56.7,0.978,0.974,0.978,1.793,1.333
1791527893044,56.8,0.977,0.976,0.978,1.793,1.333
1791527893259,56.8,0.977,0.974,0.978,1.794,1.332
1791527893463,57.1,0.978,0.977,0.979,1.794,1.336
1791527893680,56.8,0.978,0.977,0.979,1.794,1.334
1791527893897,56.8,0.976,0.976,0.978,1.792,1.333
1791527894116,57.1,0.978,0.973,0.979,1.794,1.334
1791527894333,56.6,0.977,0.973,0.978,1.793,1.334
1791527894540,57.1,0.979,0.976,0.979,1.794,1.334
1791527894756,56.8,0.977,0.976,0.978,1.793,1.334
1791527894959,57.0,0.979,0.976,0.979,1.794,1.335
1791527895175,56.7,0.977,0.974,0.979,1.794,1.334
1791527895378,56.8,0.979,0.977,0.979,1.794,1.335
1791527895585,56.8,0.979,0.977,0.979,1.794,1.335
1791527895802,57.0,0.979,0.976,0.979,1.794,1.335
1791527896022,57.0,0.979,0.977,0.980,1.794,1.335
1791527896238,57.1,0.979,0.977,0.980,1.794,1.335
1791527896441,56.7,0.978,0.976,0.979,1.792,1.334
1791527896645,57.0,0.979,0.976,0.979,1.794,1.336
1791527896851,57.0,0.979,0.976,0.979,1.794,1.334
1791527897066,56.7,0.979,0.976,0.979,1.794,1.336
1791527897269,56.8,0.979,0.977,0.979,1.794,1.336
1791527897476,56.6,0.978,0.976,0.978,1.793,1.334
1791527897688,57.0,0.979,0.975,0.979,1.794,1.336
1791527897894,57.1,0.979,0.977,0.979,1.794,1.334
1791527898104,57.1,0.979,0.977,0.979,1.794,1.336
1791527898318,57.0,0.979,0.976,0.979,1.794,1.335
1791527898540,56.7,0.979,0.976,0.979,1.794,1.335
1791527898757,56.8,0.978,0.977,0.979,1.793,1.334
1791527898978,56.6,0.977,0.976,0.979,1.792,1.334
1791527899191,57.0,0.979,0.977,0.979,1.794,1.335
1791527899414,56.8,0.979,0.976,0.980,1.795,1.336
1791527899629,56.6,0.979,0.976,0.979,1.793,1.334
1791527899832,56.7,0.978,0.976,0.979,1.793,1.335
1791527900041,56.7,0.977,0.976,0.979,1.792,1.334
1791527900255,57.0,0.978,0.978,0.979,1.794,1.336
1791527900477,56.8,0.979,0.978,0.979,1.794,1.335
1791527900691,57.1,0.979,0.978,0.979,1.794,1.334
1791527900896,56.8,0.979,0.976,0.979,1.794,1.335
1791527901114,57.0,0.979,0.976,0.979,1.794,1.335
1791527901331,56.7,0.978,0.976,0.979,1.793,1.334
1791527901549,56.8,0.978,0.976,0.979,1.793,1.334
1791527901767,56.8,0.979,0.975,0.979,1.794,1.335
1791527901997,56.8,0.979,0.977,0.979,1.794,1.336
1791527902202,56.8,0.979,0.976,0.979,1.794,1.334
1791527902409,57.0,0.979,0.976,0.979,1.794,1.335
1791527902626,56.8,0.978,0.977,0.979,1.794,1.335
1791527902848,56.8,0.979,0.976,0.979,1.794,1.336
1791527903064,56.8,0.979,0.976,0.979,1.794,1.335
1791527903287,56.8,0.979,0.977,0.979,1.794,1.335
1791527903501,56.8,0.979,0.976,0.980,1.794,1.335
1791527903723,57.0,0.978,0.976,0.979,1.794,1.335
1791527903939,57.1,0.979,0.976,0.979,1.794,1.335
1791527904161,56.8,0.979,0.976,0.979,1.794,1.335
1791527904379,57.0,0.979,0.977,0.979,1.794,1.336
1791527904600,57.0,0.979,0.977,0.979,1.794,1.335
1791527904815,56.7,0.979,0.977,0.979,1.794,1.334
1791527905020,57.0,0.979,0.975,0.979,1.794,1.335
1791527905238,56.8,0.979,0.976,0.979,1.794,1.335
1791527905442,56.7,0.979,0.976,0.979,1.794,1.335
1791527905662,56.7,0.979,0.976,0.979,1.794,1.335
1791527905875,57.0,0.979,0.977,0.979,1.794,1.335
1791527906080,56.8,0.979,0.977,0.979,1.794,1.334
1791527906298,56.8,0.978,0.976,0.979,1.794,1.336
1791527906515,57.0,0.979,0.976,0.979,1.794,1.335
1791527906722,56.8,0.979,0.976,0.979,1.794,1.335
1791527906938,57.0,0.979,0.977,0.979,1.794,1.334
1791527907160,56.6,0.979,0.976,0.979,1.794,1.334
1791527907375,56.8,0.979,0.976,0.979,1.794,1.334
1791527907596,57.1,0.979,0.976,0.980,1.794,1.334
1791527907811,57.1,0.979,0.977,0.979,1.794,1.335
1791527908016,56.8,0.979,0.976,0.979,1.794,1.334
1791527908222,57.1,0.979,0.979,0.979,1.794,1.335
1791527908437,57.0,0.979,0.977,0.979,1.794,1.336
1791527908660,57.2,0.979,0.977,0.979,1.794,1.335
1791527908874,57.0,0.979,0.976,0.979,1.794,1.335
1791527909096,57.0,0.978,0.976,0.979,1.794,1.334
1791527909312,56.8,0.979,0.977,0.979,1.794,1.336
1791527909516,56.6,0.978,0.975,0.978,1.793,1.333
1791527909723,56.8,0.979,0.977,0.979,1.794,1.334
1791527909936,57.0,0.979,0.976,0.979,1.794,1.335
1791527910157,57.0,0.979,0.976,0.979,1.794,1.335
1791527910371,56.8,0.979,0.976,0.979,1.794,1.334
1791527910593,56.8,0.978,0.976,0.978,1.793,1.334
