window_id,quantized_peak_codes,quantized_rms_codes,floating_peak_codes,floating_rms_codes,numpy_peak_hz,case,category,window,design_frequency_hz,reference_peak_hz,hardware_peak_hz,frequency_error_hz,frequency_error_bins,normal_frequency_statistic,nearest_bin_match,bandwidth_hz,raw_energy,reference_energy,flags_raw,flags,capture,observation_scope,statistics_group,seed,configured_snr_db,measured_snr_before_quantization_db,measured_snr_after_quantization_db,rolloff,symbol_rate_baud,ideal_support_hz,papr_db,threshold_on,threshold_off,window_region,hardware_peak_codes,reference_peak_codes,peak_error_vs_quantized,peak_relative_error_vs_quantized,peak_error_vs_floating,peak_relative_error_vs_floating,hardware_rms_codes,reference_rms_codes,rms_error_vs_quantized,rms_relative_error_vs_quantized,rms_error_vs_floating,rms_relative_error_vs_floating
0,0.0,0.0,0.0,0.0,,zero,integer-tone,rect,,0,0,,,False,,0,0,0,1,NO_POWER,D:\fft\fft_phase10_resource_opt\reports\phase10_cold_boot_20261009\finite\zero_rect,finite_window,integer-tone,,,,,,,,,1048576,262144,background,0.0,0.0,0.0,,0.0,,0.0,0.0,0.0,,0.0,
1,0.0,0.0,0.0,0.0,,zero,integer-tone,rect,,0,0,,,False,,0,0,0,1,NO_POWER,D:\fft\fft_phase10_resource_opt\reports\phase10_cold_boot_20261009\finite\zero_rect,finite_window,integer-tone,,,,,,,,,1048576,262144,background,0.0,0.0,0.0,,0.0,,0.0,0.0,0.0,,0.0,
0,0.0,0.0,0.0,0.0,,zero,integer-tone,hann,,0,0,,,False,,0,0,0,1,NO_POWER,D:\fft\fft_phase10_resource_opt\reports\phase10_cold_boot_20261009\finite\zero_hann,finite_window,integer-tone,,,,,,,,,1048576,262144,background,0.0,0.0,0.0,,0.0,,0.0,0.0,0.0,,0.0,
1,0.0,0.0,0.0,0.0,,zero,integer-tone,hann,,0,0,,,False,,0,0,0,1,NO_POWER,D:\fft\fft_phase10_resource_opt\reports\phase10_cold_boot_20261009\finite\zero_hann,finite_window,integer-tone,,,,,,,,,1048576,262144,background,0.0,0.0,0.0,,0.0,,0.0,0.0,0.0,,0.0,
0,46340.95001184158,46340.95001184158,46340.95001184158,46340.95001184158,0.0,negative_fullscale,integer-tone,rect,,0,0,,,False,,0,35184372088832,35184372088832,32,RESOLUTION_LIMITED,D:\fft\fft_phase10_resource_opt\reports\phase10_cold_boot_20261009\finite\negative_fullscale_rect,finite_window,integer-tone,,,,,,,,0.0,1048576,262144,steady,46340.94999694824,46340.94999694824,-1.4893339539412409e-05,-3.213861505991286e-10,-1.4893339539412409e-05,-3.213861505991286e-10,46340.94999694824,46340.94999694824,-1.4893339539412409e-05,-3.213861505991286e-10,-1.4893339539412409e-05,-3.213861505991286e-10
1,46340.95001184158,46340.95001184158,46340.95001184158,46340.95001184158,0.0,negative_fullscale,integer-tone,rect,,0,0,,,False,,0,35184372088832,35184372088832,32,RESOLUTION_LIMITED,D:\fft\fft_phase10_resource_opt\reports\phase10_cold_boot_20261009\finite\negative_fullscale_rect,finite_window,integer-tone,,,,,,,,0.0,1048576,262144,steady,46340.94999694824,46340.94999694824,-1.4893339539412409e-05,-3.213861505991286e-10,-1.4893339539412409e-05,-3.213861505991286e-10,46340.94999694824,46340.94999694824,-1.4893339539412409e-05,-3.213861505991286e-10,-1.4893339539412409e-05,-3.213861505991286e-10
0,46340.95001184158,46340.95001184158,46340.95001184158,46340.95001184158,0.0,negative_fullscale,integer-tone,hann,,0,0,,,False,,15259,35184372088832,35184372088832,0,,D:\fft\fft_phase10_resource_opt\reports\phase10_cold_boot_20261009\finite\negative_fullscale_hann,finite_window,integer-tone,,,,,,,,0.0,1048576,262144,steady,46340.94999694824,46340.94999694824,-1.4893339539412409e-05,-3.213861505991286e-10,-1.4893339539412409e-05,-3.213861505991286e-10,46340.94999694824,46340.94999694824,-1.4893339539412409e-05,-3.213861505991286e-10,-1.4893339539412409e-05,-3.213861505991286e-10
1,46340.95001184158,46340.95001184158,46340.95001184158,46340.95001184158,0.0,negative_fullscale,integer-tone,hann,,0,0,,,False,,15259,35184372088832,35184372088832,0,,D:\fft\fft_phase10_resource_opt\reports\phase10_cold_boot_20261009\finite\negative_fullscale_hann,finite_window,integer-tone,,,,,,,,0.0,1048576,262144,steady,46340.94999694824,46340.94999694824,-1.4893339539412409e-05,-3.213861505991286e-10,-1.4893339539412409e-05,-3.213861505991286e-10,46340.94999694824,46340.94999694824,-1.4893339539412409e-05,-3.213861505991286e-10,-1.4893339539412409e-05,-3.213861505991286e-10
0,8192.0,8192.0,8192.0,8192.0,0.0,dc,integer-tone,rect,0.0,0,0,0.0,0.0,True,True,0,1099511627776,1099511627776,32,RESOLUTION_LIMITED,D:\fft\fft_phase10_resource_opt\reports\phase10_cold_boot_20261009\finite\dc_rect,finite_window,integer-tone,,,,,,,,0.0,1048576,262144,steady,8192.0,8192.0,0.0,0.0,0.0,0.0,8192.0,8192.0,0.0,0.0,0.0,0.0
1,8192.0,8192.0,8192.0,8192.0,0.0,dc,integer-tone,rect,0.0,0,0,0.0,0.0,True,True,0,1099511627776,1099511627776,32,RESOLUTION_LIMITED,D:\fft\fft_phase10_resource_opt\reports\phase10_cold_boot_20261009\finite\dc_rect,finite_window,integer-tone,,,,,,,,0.0,1048576,262144,steady,8192.0,8192.0,0.0,0.0,0.0,0.0,8192.0,8192.0,0.0,0.0,0.0,0.0
0,8192.0,8192.0,8192.0,8192.0,0.0,dc,integer-tone,hann,0.0,0,0,0.0,0.0,True,True,15259,1099511627776,1099511627776,0,,D:\fft\fft_phase10_resource_opt\reports\phase10_cold_boot_20261009\finite\dc_hann,finite_window,integer-tone,,,,,,,,0.0,1048576,262144,steady,8192.0,8192.0,0.0,0.0,0.0,0.0,8192.0,8192.0,0.0,0.0,0.0,0.0
1,8192.0,8192.0,8192.0,8192.0,0.0,dc,integer-tone,hann,0.0,0,0,0.0,0.0,True,True,15259,1099511627776,1099511627776,0,,D:\fft\fft_phase10_resource_opt\reports\phase10_cold_boot_20261009\finite\dc_hann,finite_window,integer-tone,,,,,,,,0.0,1048576,262144,steady,8192.0,8192.0,0.0,0.0,0.0,0.0,8192.0,8192.0,0.0,0.0,0.0,0.0
0,8192.0,8192.0,8192.0,8192.0,31250000.0,p_fs4,integer-tone,rect,31250000.0,31250000,31250000,0.0,0.0,True,True,0,1099511627776,1099511627776,32,RESOLUTION_LIMITED,D:\fft\fft_phase10_resource_opt\reports\phase10_cold_boot_20261009\finite\p_fs4_rect,finite_window,integer-tone,,,,,,,,0.0,1048576,262144,steady,8192.0,8192.0,0.0,0.0,0.0,0.0,8192.0,8192.0,0.0,0.0,0.0,0.0
1,8192.0,8192.0,8192.0,8192.0,31250000.0,p_fs4,integer-tone,rect,31250000.0,31250000,31250000,0.0,0.0,True,True,0,1099511627776,1099511627776,32,RESOLUTION_LIMITED,D:\fft\fft_phase10_resource_opt\reports\phase10_cold_boot_20261009\finite\p_fs4_rect,finite_window,integer-tone,,,,,,,,0.0,1048576,262144,steady,8192.0,8192.0,0.0,0.0,0.0,0.0,8192.0,8192.0,0.0,0.0,0.0,0.0
0,8192.0,8192.0,8192.0,8192.0,31250000.0,p_fs4,integer-tone,hann,31250000.0,31250000,31250000,0.0,0.0,True,True,15259,1099511627776,1099511627776,0,,D:\fft\fft_phase10_resource_opt\reports\phase10_cold_boot_20261009\finite\p_fs4_hann,finite_window,integer-tone,,,,,,,,0.0,1048576,262144,steady,8192.0,8192.0,0.0,0.0,0.0,0.0,8192.0,8192.0,0.0,0.0,0.0,0.0
1,8192.0,8192.0,8192.0,8192.0,31250000.0,p_fs4,integer-tone,hann,31250000.0,31250000,31250000,0.0,0.0,True,True,15259,1099511627776,1099511627776,0,,D:\fft\fft_phase10_resource_opt\reports\phase10_cold_boot_20261009\finite\p_fs4_hann,finite_window,integer-tone,,,,,,,,0.0,1048576,262144,steady,8192.0,8192.0,0.0,0.0,0.0,0.0,8192.0,8192.0,0.0,0.0,0.0,0.0
0,8192.0,8192.0,8192.0,8192.0,-31250000.0,m_fs4,integer-tone,rect,-31250000.0,-31250000,-31250000,0.0,0.0,True,True,0,1099511627776,1099511627776,32,RESOLUTION_LIMITED,D:\fft\fft_phase10_resource_opt\reports\phase10_cold_boot_20261009\finite\m_fs4_rect,finite_window,integer-tone,,,,,,,,0.0,1048576,262144,steady,8192.0,8192.0,0.0,0.0,0.0,0.0,8192.0,8192.0,0.0,0.0,0.0,0.0
1,8192.0,8192.0,8192.0,8192.0,-31250000.0,m_fs4,integer-tone,rect,-31250000.0,-31250000,-31250000,0.0,0.0,True,True,0,1099511627776,1099511627776,32,RESOLUTION_LIMITED,D:\fft\fft_phase10_resource_opt\reports\phase10_cold_boot_20261009\finite\m_fs4_rect,finite_window,integer-tone,,,,,,,,0.0,1048576,262144,steady,8192.0,8192.0,0.0,0.0,0.0,0.0,8192.0,8192.0,0.0,0.0,0.0,0.0
0,8192.0,8192.0,8192.0,8192.0,-31250000.0,m_fs4,integer-tone,hann,-31250000.0,-31250000,-31250000,0.0,0.0,True,True,15259,1099511627776,1099511627776,0,,D:\fft\fft_phase10_resource_opt\reports\phase10_cold_boot_20261009\finite\m_fs4_hann,finite_window,integer-tone,,,,,,,,0.0,1048576,262144,steady,8192.0,8192.0,0.0,0.0,0.0,0.0,8192.0,8192.0,0.0,0.0,0.0,0.0
1,8192.0,8192.0,8192.0,8192.0,-31250000.0,m_fs4,integer-tone,hann,-31250000.0,-31250000,-31250000,0.0,0.0,True,True,15259,1099511627776,1099511627776,0,,D:\fft\fft_phase10_resource_opt\reports\phase10_cold_boot_20261009\finite\m_fs4_hann,finite_window,integer-tone,,,,,,,,0.0,1048576,262144,steady,8192.0,8192.0,0.0,0.0,0.0,0.0,8192.0,8192.0,0.0,0.0,0.0,0.0
0,8192.55521800128,8192.008076734584,8192.000000000002,8192.0,49003601.07421875,p_49mhz,integer-tone,rect,49000000.0,49003601,49003601,3601.0,0.471990272,True,True,305176,1099513795859,1099513795859,0,,D:\fft\fft_phase10_resource_opt\reports\phase10_cold_boot_20261009\finite\p_49mhz_rect,finite_window,integer-tone,,,,,,,,1.928654933106574e-15,1048576,262144,steady,8192.555206298828,8192.555206298828,-1.1702451956807636e-05,-1.4284251549619286e-09,0.555206298826306,6.777420639969554e-05,8192.008071899414,8192.008071899414,-4.8351703298976645e-06,-5.902301712359897e-10,0.0080718994140625,9.853392839431763e-07
1,8192.55521800128,8192.00811371923,8192.000000000002,8192.0,49003601.07421875,p_49mhz,integer-tone,rect,49000000.0,49003601,49003601,3601.0,0.471990272,True,True,305176,1099513805787,1099513805787,0,,D:\fft\fft_phase10_resource_opt\reports\phase10_cold_boot_20261009\finite\p_49mhz_rect,finite_window,integer-tone,,,,,,,,1.928654933106574e-15,1048576,262144,steady,8192.555206298828,8192.555206298828,-1.1702451956807636e-05,-1.4284251549619286e-09,0.555206298826306,6.777420639969554e-05,8192.008102416992,8192.008102416992,-1.1302237908239476e-05,-1.3796663469255501e-09,0.0081024169921875,9.890645742416382e-07
0,8192.55521800128,8192.008076734584,8192.000000000002,8192.0,49003601.07421875,p_49mhz,integer-tone,hann,49000000.0,49003601,49003601,3601.0,0.471990272,True,True,22888,1099513795859,1099513795859,0,,D:\fft\fft_phase10_resource_opt\reports\phase10_cold_boot_20261009\finite\p_49mhz_hann,finite_window,integer-tone,,,,,,,,1.928654933106574e-15,1048576,262144,steady,8192.555206298828,8192.555206298828,-1.1702451956807636e-05,-1.4284251549619286e-09,0.555206298826306,6.777420639969554e-05,8192.008071899414,8192.008071899414,-4.8351703298976645e-06,-5.902301712359897e-10,0.0080718994140625,9.853392839431763e-07
1,8192.55521800128,8192.00811371923,8192.000000000002,8192.0,49003601.07421875,p_49mhz,integer-tone,hann,49000000.0,49003601,49003601,3601.0,0.471990272,True,True,22888,1099513805787,1099513805787,0,,D:\fft\fft_phase10_resource_opt\reports\phase10_cold_boot_20261009\finite\p_49mhz_hann,finite_window,integer-tone,,,,,,,,1.928654933106574e-15,1048576,262144,steady,8192.555206298828,8192.555206298828,-1.1702451956807636e-05,-1.4284251549619286e-09,0.555206298826306,6.777420639969554e-05,8192.008102416992,8192.008102416992,-1.1302237908239476e-05,-1.3796663469255501e-09,0.0081024169921875,9.890645742416382e-07
0,8192.55521800128,8192.008076734584,8192.000000000002,8192.0,-49003601.07421875,m_49mhz,integer-tone,rect,-49000000.0,-49003601,-49003601,-3601.0,-0.471990272,True,True,305176,1099513795859,1099513795859,0,,D:\fft\fft_phase10_resource_opt\reports\phase10_cold_boot_20261009\finite\m_49mhz_rect,finite_window,integer-tone,,,,,,,,1.928654933106574e-15,1048576,262144,steady,8192.555206298828,8192.555206298828,-1.1702451956807636e-05,-1.4284251549619286e-09,0.555206298826306,6.777420639969554e-05,8192.008071899414,8192.008071899414,-4.8351703298976645e-06,-5.902301712359897e-10,0.0080718994140625,9.853392839431763e-07
1,8192.55521800128,8192.00811371923,8192.000000000002,8192.0,-49003601.07421875,m_49mhz,integer-tone,rect,-49000000.0,-49003601,-49003601,-3601.0,-0.471990272,True,True,305176,1099513805787,1099513805787,0,,D:\fft\fft_phase10_resource_opt\reports\phase10_cold_boot_20261009\finite\m_49mhz_rect,finite_window,integer-tone,,,,,,,,1.928654933106574e-15,1048576,262144,steady,8192.555206298828,8192.555206298828,-1.1702451956807636e-05,-1.4284251549619286e-09,0.555206298826306,6.777420639969554e-05,8192.008102416992,8192.008102416992,-1.1302237908239476e-05,-1.3796663469255501e-09,0.0081024169921875,9.890645742416382e-07
0,8192.55521800128,8192.008076734584,8192.000000000002,8192.0,-49003601.07421875,m_49mhz,integer-tone,hann,-49000000.0,-49003601,-49003601,-3601.0,-0.471990272,True,True,22888,1099513795859,1099513795859,0,,D:\fft\fft_phase10_resource_opt\reports\phase10_cold_boot_20261009\finite\m_49mhz_hann,finite_window,integer-tone,,,,,,,,1.928654933106574e-15,1048576,262144,steady,8192.555206298828,8192.555206298828,-1.1702451956807636e-05,-1.4284251549619286e-09,0.555206298826306,6.777420639969554e-05,8192.008071899414,8192.008071899414,-4.8351703298976645e-06,-5.902301712359897e-10,0.0080718994140625,9.853392839431763e-07
1,8192.55521800128,8192.00811371923,8192.000000000002,8192.0,-49003601.07421875,m_49mhz,integer-tone,hann,-49000000.0,-49003601,-49003601,-3601.0,-0.471990272,True,True,22888,1099513805787,1099513805787,0,,D:\fft\fft_phase10_resource_opt\reports\phase10_cold_boot_20261009\finite\m_49mhz_hann,finite_window,integer-tone,,,,,,,,1.928654933106574e-15,1048576,262144,steady,8192.555206298828,8192.555206298828,-1.1702451956807636e-05,-1.4284251549619286e-09,0.555206298826306,6.777420639969554e-05,8192.008102416992,8192.008102416992,-1.1302237908239476e-05,-1.3796663469255501e-09,0.0081024169921875,9.890645742416382e-07
0,8192.678743854174,8191.995564832083,8192.000000000002,8192.0,15220642.08984375,fractional,integer-tone,rect,15216827.392578125,15213013,15213013,-3814.392578125,-0.499960064,True,False,312805,1099510437220,1099510437220,0,,D:\fft\fft_phase10_resource_opt\reports\phase10_cold_boot_20261009\finite\fractional_rect,finite_window,integer-tone,,,,,,,,1.928654933106574e-15,1048576,262144,steady,8192.678741455078,8192.678741455078,-2.3990960471564904e-06,-2.928341415750249e-10,0.678741455076306,8.285418152786937e-05,8191.995559692383,8191.995559692383,-5.139700078871101e-06,-6.274051344626739e-10,-0.0044403076171875,-5.420297384262085e-07
1,8192.678743854174,8191.995564832083,8192.000000000002,8192.0,15220642.08984375,fractional,integer-tone,rect,15216827.392578125,15213013,15213013,-3814.392578125,-0.499960064,True,False,312805,1099510437220,1099510437220,0,,D:\fft\fft_phase10_resource_opt\reports\phase10_cold_boot_20261009\finite\fractional_rect,finite_window,integer-tone,,,,,,,,1.928654933106574e-15,1048576,262144,steady,8192.678741455078,8192.678741455078,-2.3990960471564904e-06,-2.928341415750249e-10,0.678741455076306,8.285418152786937e-05,8191.995559692383,8191.995559692383,-5.139700078871101e-06,-6.274051344626739e-10,-0.0044403076171875,-5.420297384262085e-07
0,8192.678743854174,8191.995564832083,8192.000000000002,8192.0,15213012.6953125,fractional,integer-tone,hann,15216827.392578125,15213013,15213013,-3814.392578125,-0.499960064,True,False,22888,1099510437220,1099510437220,0,,D:\fft\fft_phase10_resource_opt\reports\phase10_cold_boot_20261009\finite\fractional_hann,finite_window,integer-tone,,,,,,,,1.928654933106574e-15,1048576,262144,steady,8192.678741455078,8192.678741455078,-2.3990960471564904e-06,-2.928341415750249e-10,0.678741455076306,8.285418152786937e-05,8191.995559692383,8191.995559692383,-5.139700078871101e-06,-6.274051344626739e-10,-0.0044403076171875,-5.420297384262085e-07
1,8192.678743854174,8191.995564832083,8192.000000000002,8192.0,15213012.6953125,fractional,integer-tone,hann,15216827.392578125,15213013,15213013,-3814.392578125,-0.499960064,True,False,22888,1099510437220,1099510437220,0,,D:\fft\fft_phase10_resource_opt\reports\phase10_cold_boot_20261009\finite\fractional_hann,finite_window,integer-tone,,,,,,,,1.928654933106574e-15,1048576,262144,steady,8192.678741455078,8192.678741455078,-2.3990960471564904e-06,-2.928341415750249e-10,0.678741455076306,8.285418152786937e-05,8191.995559692383,8191.995559692383,-5.139700078871101e-06,-6.274051344626739e-10,-0.0044403076171875,-5.420297384262085e-07
0,1.0,1.0,1.0,1.0,31250000.0,amplitude_1,amplitude,rect,31250000.0,31250000,31250000,0.0,0.0,False,,0,16384,16384,32,RESOLUTION_LIMITED,D:\fft\fft_phase10_resource_opt\reports\phase10_cold_boot_20261009\finite\amplitude_1_rect,finite_window,amplitude,,,,,,,,0.0,1048576,262144,steady,1.0,1.0,0.0,0.0,0.0,0.0,1.0,1.0,0.0,0.0,0.0,0.0
1,1.0,1.0,1.0,1.0,31250000.0,amplitude_1,amplitude,rect,31250000.0,31250000,31250000,0.0,0.0,False,,0,16384,16384,32,RESOLUTION_LIMITED,D:\fft\fft_phase10_resource_opt\reports\phase10_cold_boot_20261009\finite\amplitude_1_rect,finite_window,amplitude,,,,,,,,0.0,1048576,262144,steady,1.0,1.0,0.0,0.0,0.0,0.0,1.0,1.0,0.0,0.0,0.0,0.0
0,1.0,1.0,1.0,1.0,31250000.0,amplitude_1,amplitude,hann,31250000.0,31250000,31250000,0.0,0.0,False,,15259,16384,16384,0,,D:\fft\fft_phase10_resource_opt\reports\phase10_cold_boot_20261009\finite\amplitude_1_hann,finite_window,amplitude,,,,,,,,0.0,1048576,262144,steady,1.0,1.0,0.0,0.0,0.0,0.0,1.0,1.0,0.0,0.0,0.0,0.0
1,1.0,1.0,1.0,1.0,31250000.0,amplitude_1,amplitude,hann,31250000.0,31250000,31250000,0.0,0.0,False,,15259,16384,16384,0,,D:\fft\fft_phase10_resource_opt\reports\phase10_cold_boot_20261009\finite\amplitude_1_hann,finite_window,amplitude,,,,,,,,0.0,1048576,262144,steady,1.0,1.0,0.0,0.0,0.0,0.0,1.0,1.0,0.0,0.0,0.0,0.0
0,2.0,2.0,2.0,2.0,31250000.0,amplitude_2,amplitude,rect,31250000.0,31250000,31250000,0.0,0.0,False,,0,65536,65536,32,RESOLUTION_LIMITED,D:\fft\fft_phase10_resource_opt\reports\phase10_cold_boot_20261009\finite\amplitude_2_rect,finite_window,amplitude,,,,,,,,0.0,1048576,262144,steady,2.0,2.0,0.0,0.0,0.0,0.0,2.0,2.0,0.0,0.0,0.0,0.0
1,2.0,2.0,2.0,2.0,31250000.0,amplitude_2,amplitude,rect,31250000.0,31250000,31250000,0.0,0.0,False,,0,65536,65536,32,RESOLUTION_LIMITED,D:\fft\fft_phase10_resource_opt\reports\phase10_cold_boot_20261009\finite\amplitude_2_rect,finite_window,amplitude,,,,,,,,0.0,1048576,262144,steady,2.0,2.0,0.0,0.0,0.0,0.0,2.0,2.0,0.0,0.0,0.0,0.0
0,2.0,2.0,2.0,2.0,31250000.0,amplitude_2,amplitude,hann,31250000.0,31250000,31250000,0.0,0.0,False,,15259,65536,65536,0,,D:\fft\fft_phase10_resource_opt\reports\phase10_cold_boot_20261009\finite\amplitude_2_hann,finite_window,amplitude,,,,,,,,0.0,1048576,262144,steady,2.0,2.0,0.0,0.0,0.0,0.0,2.0,2.0,0.0,0.0,0.0,0.0
1,2.0,2.0,2.0,2.0,31250000.0,amplitude_2,amplitude,hann,31250000.0,31250000,31250000,0.0,0.0,False,,15259,65536,65536,0,,D:\fft\fft_phase10_resource_opt\reports\phase10_cold_boot_20261009\finite\amplitude_2_hann,finite_window,amplitude,,,,,,,,0.0,1048576,262144,steady,2.0,2.0,0.0,0.0,0.0,0.0,2.0,2.0,0.0,0.0,0.0,0.0
0,16.0,16.0,16.0,16.0,31250000.0,amplitude_16,amplitude,rect,31250000.0,31250000,31250000,0.0,0.0,False,,0,4194304,4194304,32,RESOLUTION_LIMITED,D:\fft\fft_phase10_resource_opt\reports\phase10_cold_boot_20261009\finite\amplitude_16_rect,finite_window,amplitude,,,,,,,,0.0,1048576,262144,steady,16.0,16.0,0.0,0.0,0.0,0.0,16.0,16.0,0.0,0.0,0.0,0.0
1,16.0,16.0,16.0,16.0,31250000.0,amplitude_16,amplitude,rect,31250000.0,31250000,31250000,0.0,0.0,False,,0,4194304,4194304,32,RESOLUTION_LIMITED,D:\fft\fft_phase10_resource_opt\reports\phase10_cold_boot_20261009\finite\amplitude_16_rect,finite_window,amplitude,,,,,,,,0.0,1048576,262144,steady,16.0,16.0,0.0,0.0,0.0,0.0,16.0,16.0,0.0,0.0,0.0,0.0
0,16.0,16.0,16.0,16.0,31250000.0,amplitude_16,amplitude,hann,31250000.0,31250000,31250000,0.0,0.0,False,,15259,4194304,4194304,0,,D:\fft\fft_phase10_resource_opt\reports\phase10_cold_boot_20261009\finite\amplitude_16_hann,finite_window,amplitude,,,,,,,,0.0,1048576,262144,steady,16.0,16.0,0.0,0.0,0.0,0.0,16.0,16.0,0.0,0.0,0.0,0.0
1,16.0,16.0,16.0,16.0,31250000.0,amplitude_16,amplitude,hann,31250000.0,31250000,31250000,0.0,0.0,False,,15259,4194304,4194304,0,,D:\fft\fft_phase10_resource_opt\reports\phase10_cold_boot_20261009\finite\amplitude_16_hann,finite_window,amplitude,,,,,,,,0.0,1048576,262144,steady,16.0,16.0,0.0,0.0,0.0,0.0,16.0,16.0,0.0,0.0,0.0,0.0
0,256.0,256.0,256.0,256.0,31250000.0,amplitude_256,amplitude,rect,31250000.0,31250000,31250000,0.0,0.0,True,True,0,1073741824,1073741824,32,RESOLUTION_LIMITED,D:\fft\fft_phase10_resource_opt\reports\phase10_cold_boot_20261009\finite\amplitude_256_rect,finite_window,amplitude,,,,,,,,0.0,1048576,262144,steady,256.0,256.0,0.0,0.0,0.0,0.0,256.0,256.0,0.0,0.0,0.0,0.0
1,256.0,256.0,256.0,256.0,31250000.0,amplitude_256,amplitude,rect,31250000.0,31250000,31250000,0.0,0.0,True,True,0,1073741824,1073741824,32,RESOLUTION_LIMITED,D:\fft\fft_phase10_resource_opt\reports\phase10_cold_boot_20261009\finite\amplitude_256_rect,finite_window,amplitude,,,,,,,,0.0,1048576,262144,steady,256.0,256.0,0.0,0.0,0.0,0.0,256.0,256.0,0.0,0.0,0.0,0.0
0,256.0,256.0,256.0,256.0,31250000.0,amplitude_256,amplitude,hann,31250000.0,31250000,31250000,0.0,0.0,True,True,15259,1073741824,1073741824,0,,D:\fft\fft_phase10_resource_opt\reports\phase10_cold_boot_20261009\finite\amplitude_256_hann,finite_window,amplitude,,,,,,,,0.0,1048576,262144,steady,256.0,256.0,0.0,0.0,0.0,0.0,256.0,256.0,0.0,0.0,0.0,0.0
1,256.0,256.0,256.0,256.0,31250000.0,amplitude_256,amplitude,hann,31250000.0,31250000,31250000,0.0,0.0,True,True,15259,1073741824,1073741824,0,,D:\fft\fft_phase10_resource_opt\reports\phase10_cold_boot_20261009\finite\amplitude_256_hann,finite_window,amplitude,,,,,,,,0.0,1048576,262144,steady,256.0,256.0,0.0,0.0,0.0,0.0,256.0,256.0,0.0,0.0,0.0,0.0
0,4096.0,4096.0,4096.0,4096.0,31250000.0,amplitude_4096,amplitude,rect,31250000.0,31250000,31250000,0.0,0.0,True,True,0,274877906944,274877906944,32,RESOLUTION_LIMITED,D:\fft\fft_phase10_resource_opt\reports\phase10_cold_boot_20261009\finite\amplitude_4096_rect,finite_window,amplitude,,,,,,,,0.0,1048576,262144,steady,4096.0,4096.0,0.0,0.0,0.0,0.0,4096.0,4096.0,0.0,0.0,0.0,0.0
1,4096.0,4096.0,4096.0,4096.0,31250000.0,amplitude_4096,amplitude,rect,31250000.0,31250000,31250000,0.0,0.0,True,True,0,274877906944,274877906944,32,RESOLUTION_LIMITED,D:\fft\fft_phase10_resource_opt\reports\phase10_cold_boot_20261009\finite\amplitude_4096_rect,finite_window,amplitude,,,,,,,,0.0,1048576,262144,steady,4096.0,4096.0,0.0,0.0,0.0,0.0,4096.0,4096.0,0.0,0.0,0.0,0.0
0,4096.0,4096.0,4096.0,4096.0,31250000.0,amplitude_4096,amplitude,hann,31250000.0,31250000,31250000,0.0,0.0,True,True,15259,274877906944,274877906944,0,,D:\fft\fft_phase10_resource_opt\reports\phase10_cold_boot_20261009\finite\amplitude_4096_hann,finite_window,amplitude,,,,,,,,0.0,1048576,262144,steady,4096.0,4096.0,0.0,0.0,0.0,0.0,4096.0,4096.0,0.0,0.0,0.0,0.0
1,4096.0,4096.0,4096.0,4096.0,31250000.0,amplitude_4096,amplitude,hann,31250000.0,31250000,31250000,0.0,0.0,True,True,15259,274877906944,274877906944,0,,D:\fft\fft_phase10_resource_opt\reports\phase10_cold_boot_20261009\finite\amplitude_4096_hann,finite_window,amplitude,,,,,,,,0.0,1048576,262144,steady,4096.0,4096.0,0.0,0.0,0.0,0.0,4096.0,4096.0,0.0,0.0,0.0,0.0
0,30000.0,30000.0,30000.0,30000.0,31250000.0,amplitude_30000,amplitude,rect,31250000.0,31250000,31250000,0.0,0.0,True,True,0,14745600000000,14745600000000,32,RESOLUTION_LIMITED,D:\fft\fft_phase10_resource_opt\reports\phase10_cold_boot_20261009\finite\amplitude_30000_rect,finite_window,amplitude,,,,,,,,0.0,1048576,262144,steady,30000.0,30000.0,0.0,0.0,0.0,0.0,30000.0,30000.0,0.0,0.0,0.0,0.0
1,30000.0,30000.0,30000.0,30000.0,31250000.0,amplitude_30000,amplitude,rect,31250000.0,31250000,31250000,0.0,0.0,True,True,0,14745600000000,14745600000000,32,RESOLUTION_LIMITED,D:\fft\fft_phase10_resource_opt\reports\phase10_cold_boot_20261009\finite\amplitude_30000_rect,finite_window,amplitude,,,,,,,,0.0,1048576,262144,steady,30000.0,30000.0,0.0,0.0,0.0,0.0,30000.0,30000.0,0.0,0.0,0.0,0.0
0,30000.0,30000.0,30000.0,30000.0,31250000.0,amplitude_30000,amplitude,hann,31250000.0,31250000,31250000,0.0,0.0,True,True,15259,14745600000000,14745600000000,0,,D:\fft\fft_phase10_resource_opt\reports\phase10_cold_boot_20261009\finite\amplitude_30000_hann,finite_window,amplitude,,,,,,,,0.0,1048576,262144,steady,30000.0,30000.0,0.0,0.0,0.0,0.0,30000.0,30000.0,0.0,0.0,0.0,0.0
1,30000.0,30000.0,30000.0,30000.0,31250000.0,amplitude_30000,amplitude,hann,31250000.0,31250000,31250000,0.0,0.0,True,True,15259,14745600000000,14745600000000,0,,D:\fft\fft_phase10_resource_opt\reports\phase10_cold_boot_20261009\finite\amplitude_30000_hann,finite_window,amplitude,,,,,,,,0.0,1048576,262144,steady,30000.0,30000.0,0.0,0.0,0.0,0.0,30000.0,30000.0,0.0,0.0,0.0,0.0
0,8192.551373046128,5792.615433679332,8192.0,5792.6187514805015,15625000.0,two_tones_1_bins,two-tone,rect,,15625000,15625000,,,False,,7629,549755184128,549755184128,0,,D:\fft\fft_phase10_resource_opt\reports\phase10_cold_boot_20261009\finite\two_tones_1_bins_rect,finite_window,two-tone,,,,,,,,3.010299956639357,1048576,262144,steady,8192.551361083984,8192.551361083984,-1.1962143616983667e-05,-1.4601243339577548e-09,0.551361083984375,6.73048198223114e-05,5792.615432739258,5792.615432739258,-9.400746421306394e-07,-1.622884606951244e-10,-0.0033187412436745944,-5.729258882826315e-07
1,8192.551373046128,5792.615433679332,8192.0,5792.618751480501,15625000.0,two_tones_1_bins,two-tone,rect,,15625000,15625000,,,False,,7629,549755184128,549755184128,0,,D:\fft\fft_phase10_resource_opt\reports\phase10_cold_boot_20261009\finite\two_tones_1_bins_rect,finite_window,two-tone,,,,,,,,3.010299956639357,1048576,262144,steady,8192.551361083984,8192.551361083984,-1.1962143616983667e-05,-1.4601243339577548e-09,0.551361083984375,6.73048198223114e-05,5792.615432739258,5792.615432739258,-9.400746421306394e-07,-1.622884606951244e-10,-0.0033187412427650997,-5.729258881256224e-07
0,8192.551373046128,5792.615433679332,8192.0,5792.6187514805015,15625000.0,two_tones_1_bins,two-tone,hann,,15617371,15617371,,,False,,22888,549755184128,549755184128,0,,D:\fft\fft_phase10_resource_opt\reports\phase10_cold_boot_20261009\finite\two_tones_1_bins_hann,finite_window,two-tone,,,,,,,,3.010299956639357,1048576,262144,steady,8192.551361083984,8192.551361083984,-1.1962143616983667e-05,-1.4601243339577548e-09,0.551361083984375,6.73048198223114e-05,5792.615432739258,5792.615432739258,-9.400746421306394e-07,-1.622884606951244e-10,-0.0033187412436745944,-5.729258882826315e-07
1,8192.551373046128,5792.615433679332,8192.0,5792.618751480501,15625000.0,two_tones_1_bins,two-tone,hann,,15617371,15617371,,,False,,22888,549755184128,549755184128,0,,D:\fft\fft_phase10_resource_opt\reports\phase10_cold_boot_20261009\finite\two_tones_1_bins_hann,finite_window,two-tone,,,,,,,,3.010299956639357,1048576,262144,steady,8192.551361083984,8192.551361083984,-1.1962143616983667e-05,-1.4601243339577548e-09,0.551361083984375,6.73048198223114e-05,5792.615432739258,5792.615432739258,-9.400746421306394e-07,-1.622884606951244e-10,-0.0033187412427650997,-5.729258881256224e-07
0,8192.587991593377,5792.615929874443,8192.0,5792.618751480082,15625000.0,two_tones_2_bins,two-tone,rect,,15625000,15625000,,,False,,15259,549755278312,549755278312,0,,D:\fft\fft_phase10_resource_opt\reports\phase10_cold_boot_20261009\finite\two_tones_2_bins_rect,finite_window,two-tone,,,,,,,,3.010299956639985,1048576,262144,steady,8192.587982177734,8192.587982177734,-9.415642125532031e-06,-1.1492878849996682e-09,0.587982177734375,7.17751681804657e-05,5792.615921020508,5792.615921020508,-8.853935469232965e-06,-1.5284865381062606e-09,-0.002830459574397537,-4.88632118879621e-07
1,8192.587991593377,5792.615929874443,8192.0,5792.618751480082,15625000.0,two_tones_2_bins,two-tone,rect,,15625000,15625000,,,False,,15259,549755278312,549755278312,0,,D:\fft\fft_phase10_resource_opt\reports\phase10_cold_boot_20261009\finite\two_tones_2_bins_rect,finite_window,two-tone,,,,,,,,3.010299956639985,1048576,262144,steady,8192.587982177734,8192.587982177734,-9.415642125532031e-06,-1.1492878849996682e-09,0.587982177734375,7.17751681804657e-05,5792.615921020508,5792.615921020508,-8.853935469232965e-06,-1.5284865381062606e-09,-0.002830459574397537,-4.88632118879621e-07
0,8192.587991593377,5792.615929874443,8192.0,5792.618751480082,15625000.0,two_tones_2_bins,two-tone,hann,,15625000,15625000,,,False,,30518,549755278312,549755278312,0,,D:\fft\fft_phase10_resource_opt\reports\phase10_cold_boot_20261009\finite\two_tones_2_bins_hann,finite_window,two-tone,,,,,,,,3.010299956639985,1048576,262144,steady,8192.587982177734,8192.587982177734,-9.415642125532031e-06,-1.1492878849996682e-09,0.587982177734375,7.17751681804657e-05,5792.615921020508,5792.615921020508,-8.853935469232965e-06,-1.5284865381062606e-09,-0.002830459574397537,-4.88632118879621e-07
1,8192.587991593377,5792.615929874443,8192.0,5792.618751480082,15625000.0,two_tones_2_bins,two-tone,hann,,15625000,15625000,,,False,,30518,549755278312,549755278312,0,,D:\fft\fft_phase10_resource_opt\reports\phase10_cold_boot_20261009\finite\two_tones_2_bins_hann,finite_window,two-tone,,,,,,,,3.010299956639985,1048576,262144,steady,8192.587982177734,8192.587982177734,-9.415642125532031e-06,-1.1492878849996682e-09,0.587982177734375,7.17751681804657e-05,5792.615921020508,5792.615921020508,-8.853935469232965e-06,-1.5284865381062606e-09,-0.002830459574397537,-4.88632118879621e-07
0,8192.152586469567,5792.616481956254,8192.0,5792.618751480187,15686035.15625,two_tones_8_bins,two-tone,rect,,15625000,15625000,,,False,,61035,549755383104,549755383104,0,,D:\fft\fft_phase10_resource_opt\reports\phase10_cold_boot_20261009\finite\two_tones_8_bins_rect,finite_window,two-tone,,,,,,,,3.0102999566398276,1048576,262144,steady,8192.152572631836,8192.152572631836,-1.3837730875820853e-05,-1.6891446698241085e-09,0.1525726318359375,1.862458884716034e-05,5792.616470336914,5792.616470336914,-1.161933960247552e-05,-2.005887950405357e-09,-0.0022811432727394276,-3.9380172778616363e-07
1,8192.152586469567,5792.616481956254,8192.0,5792.618751480188,15686035.15625,two_tones_8_bins,two-tone,rect,,15625000,15625000,,,False,,61035,549755383104,549755383104,0,,D:\fft\fft_phase10_resource_opt\reports\phase10_cold_boot_20261009\finite\two_tones_8_bins_rect,finite_window,two-tone,,,,,,,,3.0102999566398276,1048576,262144,steady,8192.152572631836,8192.152572631836,-1.3837730875820853e-05,-1.6891446698241085e-09,0.1525726318359375,1.862458884716034e-05,5792.616470336914,5792.616470336914,-1.161933960247552e-05,-2.005887950405357e-09,-0.0022811432736489223,-3.9380172794317284e-07
0,8192.152586469567,5792.616481956254,8192.0,5792.618751480187,15686035.15625,two_tones_8_bins,two-tone,hann,,15625000,15625000,,,False,,76294,549755383104,549755383104,0,,D:\fft\fft_phase10_resource_opt\reports\phase10_cold_boot_20261009\finite\two_tones_8_bins_hann,finite_window,two-tone,,,,,,,,3.0102999566398276,1048576,262144,steady,8192.152572631836,8192.152572631836,-1.3837730875820853e-05,-1.6891446698241085e-09,0.1525726318359375,1.862458884716034e-05,5792.616470336914,5792.616470336914,-1.161933960247552e-05,-2.005887950405357e-09,-0.0022811432727394276,-3.9380172778616363e-07
1,8192.152586469567,5792.616481956254,8192.0,5792.618751480188,15686035.15625,two_tones_8_bins,two-tone,hann,,15625000,15625000,,,False,,76294,549755383104,549755383104,0,,D:\fft\fft_phase10_resource_opt\reports\phase10_cold_boot_20261009\finite\two_tones_8_bins_hann,finite_window,two-tone,,,,,,,,3.0102999566398276,1048576,262144,steady,8192.152572631836,8192.152572631836,-1.3837730875820853e-05,-1.6891446698241085e-09,0.1525726318359375,1.862458884716034e-05,5792.616470336914,5792.616470336914,-1.161933960247552e-05,-2.005887950405357e-09,-0.0022811432736489223,-3.9380172794317284e-07
0,8192.53916682734,7663.418672498587,8192.0,7662.914328113032,-13336181.640625,qpsk_sps2,modulation,rect,,-13336182,-13336182,,,False,,102050781,962199318528,962199318528,0,,D:\fft\fft_phase10_resource_opt\reports\phase10_cold_boot_20261009\finite\qpsk_sps2_rect,finite_window,modulation,91001,,,,,,,0.0,1048576,262144,edge,8192.539154052734,8192.539154052734,-1.2774606148013845e-05,-1.5592975374154928e-09,0.539154052734375,6.581470370292664e-05,7663.418670654297,7663.418670654297,-1.8442897271597758e-06,-2.4066148620827763e-10,0.5043425412650322,6.581602242566437e-05
1,8192.53916682734,6476.770896828141,8192.0,6476.344648024841,-6332397.4609375,qpsk_sps2,modulation,rect,,-6332397,-6332397,,,False,,102012634,687285227520,687285227520,0,,D:\fft\fft_phase10_resource_opt\reports\phase10_cold_boot_20261009\finite\qpsk_sps2_rect,finite_window,modulation,91001,,,,,,,0.0,1048576,262144,edge,8192.539154052734,8192.539154052734,-1.2774606148013845e-05,-1.5592975374154928e-09,0.539154052734375,6.581470370292664e-05,6476.770889282227,6476.770889282227,-7.545914741058368e-06,-1.1650735931934565e-09,0.42624125738529983,6.581509795271551e-05
0,8192.53916682734,7663.418672498587,8192.0,7662.914328113032,5523681.640625,qpsk_sps2,modulation,hann,,5523682,5523682,,,False,,102149963,962199318528,962199318528,0,,D:\fft\fft_phase10_resource_opt\reports\phase10_cold_boot_20261009\finite\qpsk_sps2_hann,finite_window,modulation,91001,,,,,,,0.0,1048576,262144,edge,8192.539154052734,8192.539154052734,-1.2774606148013845e-05,-1.5592975374154928e-09,0.539154052734375,6.581470370292664e-05,7663.418670654297,7663.418670654297,-1.8442897271597758e-06,-2.4066148620827763e-10,0.5043425412650322,6.581602242566437e-05
1,8192.53916682734,6476.770896828141,8192.0,6476.344648024841,-18875122.0703125,qpsk_sps2,modulation,hann,,-18875122,-18875122,,,False,,101951599,687285227520,687285227520,0,,D:\fft\fft_phase10_resource_opt\reports\phase10_cold_boot_20261009\finite\qpsk_sps2_hann,finite_window,modulation,91001,,,,,,,0.0,1048576,262144,edge,8192.539154052734,8192.539154052734,-1.2774606148013845e-05,-1.5592975374154928e-09,0.539154052734375,6.581470370292664e-05,6476.770889282227,6476.770889282227,-7.545914741058368e-06,-1.1650735931934565e-09,0.42624125738529983,6.581509795271551e-05
0,8192.53916682734,7663.418672498587,8192.0,7662.914328113032,-7797241.2109375,qpsk_sps4,modulation,rect,,-7797241,-7797241,,,False,,105911255,962199318528,962199318528,0,,D:\fft\fft_phase10_resource_opt\reports\phase10_cold_boot_20261009\finite\qpsk_sps4_rect,finite_window,modulation,91001,,,,,,,0.0,1048576,262144,edge,8192.539154052734,8192.539154052734,-1.2774606148013845e-05,-1.5592975374154928e-09,0.539154052734375,6.581470370292664e-05,7663.418670654297,7663.418670654297,-1.8442897271597758e-06,-2.4066148620827763e-10,0.5043425412650322,6.581602242566437e-05
1,8192.53916682734,6476.770896828141,8192.0,6476.344648024841,-5104064.94140625,qpsk_sps4,modulation,rect,,-5104065,-5104065,,,False,,105796814,687285227520,687285227520,0,,D:\fft\fft_phase10_resource_opt\reports\phase10_cold_boot_20261009\finite\qpsk_sps4_rect,finite_window,modulation,91001,,,,,,,0.0,1048576,262144,edge,8192.539154052734,8192.539154052734,-1.2774606148013845e-05,-1.5592975374154928e-09,0.539154052734375,6.581470370292664e-05,6476.770889282227,6476.770889282227,-7.545914741058368e-06,-1.1650735931934565e-09,0.42624125738529983,6.581509795271551e-05
0,8192.53916682734,7663.418672498587,8192.0,7662.914328113032,732421.875,qpsk_sps4,modulation,hann,,732422,732422,,,False,,105827332,962199318528,962199318528,0,,D:\fft\fft_phase10_resource_opt\reports\phase10_cold_boot_20261009\finite\qpsk_sps4_hann,finite_window,modulation,91001,,,,,,,0.0,1048576,262144,edge,8192.539154052734,8192.539154052734,-1.2774606148013845e-05,-1.5592975374154928e-09,0.539154052734375,6.581470370292664e-05,7663.418670654297,7663.418670654297,-1.8442897271597758e-06,-2.4066148620827763e-10,0.5043425412650322,6.581602242566437e-05
1,8192.53916682734,6476.770896828141,8192.0,6476.344648024841,4348754.8828125,qpsk_sps4,modulation,hann,,4348755,4348755,,,False,,106239319,687285227520,687285227520,0,,D:\fft\fft_phase10_resource_opt\reports\phase10_cold_boot_20261009\finite\qpsk_sps4_hann,finite_window,modulation,91001,,,,,,,0.0,1048576,262144,edge,8192.539154052734,8192.539154052734,-1.2774606148013845e-05,-1.5592975374154928e-09,0.539154052734375,6.581470370292664e-05,6476.770889282227,6476.770889282227,-7.545914741058368e-06,-1.1650735931934565e-09,0.42624125738529983,6.581509795271551e-05
0,24000.618367033796,11861.229516218526,24000.0,11861.20334941232,-19584655.76171875,rrc_alpha25,wideband,rect,,-19584656,-19584656,,,False,,68801880,2305044736187,2305044736187,0,,D:\fft\fft_phase10_resource_opt\reports\phase10_cold_boot_20261009\finite\rrc_alpha25_rect,finite_window,wideband,91001,,,,0.25,62500000.0,78125000.0,4.872893049689745,1048576,262144,edge,24000.618362426758,24000.618362426758,-4.607038135873154e-06,-1.9195497655182004e-10,0.6183624267578125,2.5765101114908853e-05,11861.229507446289,11861.229507446289,-8.772236469667405e-06,-7.395722726444702e-10,0.026158033968386007,2.205344027735773e-06
1,23790.968559518547,11869.151801706108,23791.246187482328,11869.129803461656,-6332397.4609375,rrc_alpha25,wideband,rect,,-6332397,-6332397,,,False,,68618774,2308124909436,2308124909436,0,,D:\fft\fft_phase10_resource_opt\reports\phase10_cold_boot_20261009\finite\rrc_alpha25_rect,finite_window,wideband,91001,,,,0.25,62500000.0,78125000.0,4.872893049689745,1048576,262144,edge,23790.968551635742,23790.968551635742,-7.882805221015587e-06,-3.3133603624816486e-10,-0.27763584658532636,-1.166966389223459e-05,11869.151794433594,11869.151794433594,-7.272514267242514e-06,-6.127240083151637e-10,0.02199097193806665,1.852787213739371e-06
0,24000.618367033796,11861.229516218526,24000.0,11861.20334941232,-19584655.76171875,rrc_alpha25,wideband,hann,,-19584656,-19584656,,,False,,68725586,2305044736187,2305044736187,0,,D:\fft\fft_phase10_resource_opt\reports\phase10_cold_boot_20261009\finite\rrc_alpha25_hann,finite_window,wideband,91001,,,,0.25,62500000.0,78125000.0,4.872893049689745,1048576,262144,edge,24000.618362426758,24000.618362426758,-4.607038135873154e-06,-1.9195497655182004e-10,0.6183624267578125,2.5765101114908853e-05,11861.229507446289,11861.229507446289,-8.772236469667405e-06,-7.395722726444702e-10,0.026158033968386007,2.205344027735773e-06
1,23790.968559518547,11869.151801706108,23791.246187482328,11869.129803461656,-18875122.0703125,rrc_alpha25,wideband,hann,,-18875122,-18875122,,,False,,68840027,2308124909436,2308124909436,0,,D:\fft\fft_phase10_resource_opt\reports\phase10_cold_boot_20261009\finite\rrc_alpha25_hann,finite_window,wideband,91001,,,,0.25,62500000.0,78125000.0,4.872893049689745,1048576,262144,edge,23790.968551635742,23790.968551635742,-7.882805221015587e-06,-3.3133603624816486e-10,-0.27763584658532636,-1.166966389223459e-05,11869.151794433594,11869.151794433594,-7.272514267242514e-06,-6.127240083151637e-10,0.02199097193806665,1.852787213739371e-06
0,23927.369788591473,14133.02435767263,23927.008935654332,14133.026402946902,-19584655.76171875,rrc_alpha60,wideband,rect,,-19584656,-19584656,,,False,,83671570,3272579112871,3272579112871,0,,D:\fft\fft_phase10_resource_opt\reports\phase10_cold_boot_20261009\finite\rrc_alpha60_rect,finite_window,wideband,91001,,,,0.6,62500000.0,100000000.0,3.3504322193638285,1048576,262144,edge,23927.36978149414,23927.36978149414,-7.097332854755223e-06,-2.9661985071753344e-10,0.3608458398084622,1.5081109418183703e-05,14133.024353027344,14133.024353027344,-4.6452860260615125e-06,-3.2868308357083165e-10,-0.0020499195579759544,-1.4504462805988405e-07
1,24000.068854067897,14143.556403190274,23999.999999999996,14143.552935077807,-6332397.4609375,rrc_alpha60,wideband,rect,,-6332397,-6332397,,,False,,83671570,3277458435772,3277458435772,0,,D:\fft\fft_phase10_resource_opt\reports\phase10_cold_boot_20261009\finite\rrc_alpha60_rect,finite_window,wideband,91001,,,,0.6,62500000.0,100000000.0,3.3504322193638285,1048576,262144,edge,24000.06884765625,24000.06884765625,-6.411646609194577e-06,-2.67151175614558e-10,0.06884765625363798,2.868652343901583e-06,14143.556396484375,14143.556396484375,-6.705899068037979e-06,-4.74131037263398e-10,0.00346140656802163,2.4473387867322235e-07
0,23927.369788591473,14133.02435767263,23927.008935654332,14133.026402946902,-13496398.92578125,rrc_alpha60,wideband,hann,,-13496399,-13496399,,,False,,83801270,3272579112871,3272579112871,0,,D:\fft\fft_phase10_resource_opt\reports\phase10_cold_boot_20261009\finite\rrc_alpha60_hann,finite_window,wideband,91001,,,,0.6,62500000.0,100000000.0,3.3504322193638285,1048576,262144,edge,23927.36978149414,23927.36978149414,-7.097332854755223e-06,-2.9661985071753344e-10,0.3608458398084622,1.5081109418183703e-05,14133.024353027344,14133.024353027344,-4.6452860260615125e-06,-3.2868308357083165e-10,-0.0020499195579759544,-1.4504462805988405e-07
1,24000.068854067897,14143.556403190274,23999.999999999996,14143.552935077807,-18875122.0703125,rrc_alpha60,wideband,hann,,-18875122,-18875122,,,False,,83908081,3277458435772,3277458435772,0,,D:\fft\fft_phase10_resource_opt\reports\phase10_cold_boot_20261009\finite\rrc_alpha60_hann,finite_window,wideband,91001,,,,0.6,62500000.0,100000000.0,3.3504322193638285,1048576,262144,edge,24000.06884765625,24000.06884765625,-6.411646609194577e-06,-2.67151175614558e-10,0.06884765625363798,2.868652343901583e-06,14143.556396484375,14143.556396484375,-6.705899068037979e-06,-4.74131037263398e-10,0.00346140656802163,2.4473387867322235e-07
0,24000.044270792503,13793.349942682393,24000.0,13793.346903444524,-19584655.76171875,rrc_alpha100,wideband,rect,,-19584656,-19584656,,,False,,102081299,3117162539275,3117162539275,0,,D:\fft\fft_phase10_resource_opt\reports\phase10_cold_boot_20261009\finite\rrc_alpha100_rect,finite_window,wideband,91001,,,,1.0,62500000.0,125000000.0,3.5615884787415863,1048576,262144,edge,24000.04426574707,24000.04426574707,-5.045432772021741e-06,-2.1022597771462928e-10,0.0442657470703125,1.8444061279296874e-06,13793.34992980957,13793.34992980957,-1.2872822480858304e-05,-9.332629516651649e-10,0.003026365046025603,2.1940759318319243e-07
1,24000.044270792503,13804.10824088651,24000.0,13804.109447409488,-6332397.4609375,rrc_alpha100,wideband,rect,,-6332397,-6332397,,,False,,102073669,3122026976479,3122026976479,0,,D:\fft\fft_phase10_resource_opt\reports\phase10_cold_boot_20261009\finite\rrc_alpha100_rect,finite_window,wideband,91001,,,,1.0,62500000.0,125000000.0,3.5615884787415863,1048576,262144,edge,24000.04426574707,24000.04426574707,-5.045432772021741e-06,-2.1022597771462928e-10,0.0442657470703125,1.8444061279296874e-06,13804.10823059082,13804.10823059082,-1.0295689207850955e-05,-7.45842399102324e-10,-0.0012168186676717596,-8.814901622647673e-08
0,24000.044270792503,13793.349942682393,24000.0,13793.346903444524,5523681.640625,rrc_alpha100,wideband,hann,,5523682,5523682,,,False,,102165222,3117162539275,3117162539275,0,,D:\fft\fft_phase10_resource_opt\reports\phase10_cold_boot_20261009\finite\rrc_alpha100_hann,finite_window,wideband,91001,,,,1.0,62500000.0,125000000.0,3.5615884787415863,1048576,262144,edge,24000.04426574707,24000.04426574707,-5.045432772021741e-06,-2.1022597771462928e-10,0.0442657470703125,1.8444061279296874e-06,13793.34992980957,13793.34992980957,-1.2872822480858304e-05,-9.332629516651649e-10,0.003026365046025603,2.1940759318319243e-07
1,24000.044270792503,13804.10824088651,24000.0,13804.109447409488,-18875122.0703125,rrc_alpha100,wideband,hann,,-18875122,-18875122,,,False,,102073669,3122026976479,3122026976479,0,,D:\fft\fft_phase10_resource_opt\reports\phase10_cold_boot_20261009\finite\rrc_alpha100_hann,finite_window,wideband,91001,,,,1.0,62500000.0,125000000.0,3.5615884787415863,1048576,262144,edge,24000.04426574707,24000.04426574707,-5.045432772021741e-06,-2.1022597771462928e-10,0.0442657470703125,1.8444061279296874e-06,13804.10823059082,13804.10823059082,-1.0295689207850955e-05,-7.45842399102324e-10,-0.0012168186676717596,-8.814901622647673e-08
0,8192.0,1448.1546878700494,8192.0,1448.1546878700494,31250000.0,boundary_8192_threshold,boundary,rect,31250000.0,31250000,31250000,0.0,0.0,True,True,4928589,34359738368,34359738368,0,,D:\fft\fft_phase10_resource_opt\reports\phase10_cold_boot_20261009\finite\boundary_8192_threshold_rect,finite_window,boundary,,,,,,,,0.0,1048576,262144,edge,8192.0,8192.0,0.0,0.0,0.0,0.0,1448.1546783447266,1448.1546783447266,-9.525322866466013e-06,-6.577558976434961e-09,-9.525322866466013e-06,-6.577558976434961e-09
1,0.0,0.0,0.0,0.0,,boundary_8192_threshold,boundary,rect,31250000.0,0,0,,,False,,0,0,0,1,NO_POWER,D:\fft\fft_phase10_resource_opt\reports\phase10_cold_boot_20261009\finite\boundary_8192_threshold_rect,finite_window,boundary,,,,,,,,0.0,1048576,262144,background,0.0,0.0,0.0,,0.0,,0.0,0.0,0.0,,0.0,
0,8192.0,1448.1546878700494,8192.0,1448.1546878700494,31250000.0,boundary_8192_threshold,boundary,hann,31250000.0,31250000,31250000,0.0,0.0,True,True,4913330,34359738368,34359738368,0,,D:\fft\fft_phase10_resource_opt\reports\phase10_cold_boot_20261009\finite\boundary_8192_threshold_hann,finite_window,boundary,,,,,,,,0.0,1048576,262144,edge,8192.0,8192.0,0.0,0.0,0.0,0.0,1448.1546783447266,1448.1546783447266,-9.525322866466013e-06,-6.577558976434961e-09,-9.525322866466013e-06,-6.577558976434961e-09
1,0.0,0.0,0.0,0.0,,boundary_8192_threshold,boundary,hann,31250000.0,0,0,,,False,,0,0,0,1,NO_POWER,D:\fft\fft_phase10_resource_opt\reports\phase10_cold_boot_20261009\finite\boundary_8192_threshold_hann,finite_window,boundary,,,,,,,,0.0,1048576,262144,background,0.0,0.0,0.0,,0.0,,0.0,0.0,0.0,,0.0,
0,8192.0,1448.1546878700494,8192.0,1448.1546878700494,31250000.0,boundary_8192_digital_zero,boundary,rect,31250000.0,31250000,31250000,0.0,0.0,True,True,4928589,34359738368,34359738368,0,,D:\fft\fft_phase10_resource_opt\reports\phase10_cold_boot_20261009\finite\boundary_8192_digital_zero_rect,finite_window,boundary,,,,,,,,0.0,1048576,262144,edge,8192.0,8192.0,0.0,0.0,0.0,0.0,1448.1546783447266,1448.1546783447266,-9.525322866466013e-06,-6.577558976434961e-09,-9.525322866466013e-06,-6.577558976434961e-09
1,0.0,0.0,0.0,0.0,,boundary_8192_digital_zero,boundary,rect,31250000.0,0,0,,,False,,0,0,0,1,NO_POWER,D:\fft\fft_phase10_resource_opt\reports\phase10_cold_boot_20261009\finite\boundary_8192_digital_zero_rect,finite_window,boundary,,,,,,,,0.0,1048576,262144,background,0.0,0.0,0.0,,0.0,,0.0,0.0,0.0,,0.0,
0,8192.0,1448.1546878700494,8192.0,1448.1546878700494,31250000.0,boundary_8192_digital_zero,boundary,hann,31250000.0,31250000,31250000,0.0,0.0,True,True,4913330,34359738368,34359738368,0,,D:\fft\fft_phase10_resource_opt\reports\phase10_cold_boot_20261009\finite\boundary_8192_digital_zero_hann,finite_window,boundary,,,,,,,,0.0,1048576,262144,edge,8192.0,8192.0,0.0,0.0,0.0,0.0,1448.1546783447266,1448.1546783447266,-9.525322866466013e-06,-6.577558976434961e-09,-9.525322866466013e-06,-6.577558976434961e-09
1,0.0,0.0,0.0,0.0,,boundary_8192_digital_zero,boundary,hann,31250000.0,0,0,,,False,,0,0,0,1,NO_POWER,D:\fft\fft_phase10_resource_opt\reports\phase10_cold_boot_20261009\finite\boundary_8192_digital_zero_hann,finite_window,boundary,,,,,,,,0.0,1048576,262144,background,0.0,0.0,0.0,,0.0,,0.0,0.0,0.0,,0.0,
0,8192.0,1024.0,8192.0,1024.0,31250000.0,boundary_16384_threshold,boundary,rect,31250000.0,31250000,31250000,0.0,0.0,True,True,9925842,17179869184,17179869184,0,,D:\fft\fft_phase10_resource_opt\reports\phase10_cold_boot_20261009\finite\boundary_16384_threshold_rect,finite_window,boundary,,,,,,,,0.0,1048576,262144,edge,8192.0,8192.0,0.0,0.0,0.0,0.0,1024.0,1024.0,0.0,0.0,0.0,0.0
1,8192.0,1024.0,8192.0,1024.0,31250000.0,boundary_16384_threshold,boundary,rect,31250000.0,31250000,31250000,0.0,0.0,True,True,9925842,17179869184,17179869184,0,,D:\fft\fft_phase10_resource_opt\reports\phase10_cold_boot_20261009\finite\boundary_16384_threshold_rect,finite_window,boundary,,,,,,,,0.0,1048576,262144,edge,8192.0,8192.0,0.0,0.0,0.0,0.0,1024.0,1024.0,0.0,0.0,0.0,0.0
0,8192.0,1024.0,8192.0,1024.0,31250000.0,boundary_16384_threshold,boundary,hann,31250000.0,31150818,31150818,-99182.0,-12.999983104,True,False,8216858,17179869184,17179869184,0,,D:\fft\fft_phase10_resource_opt\reports\phase10_cold_boot_20261009\finite\boundary_16384_threshold_hann,finite_window,boundary,,,,,,,,0.0,1048576,262144,edge,8192.0,8192.0,0.0,0.0,0.0,0.0,1024.0,1024.0,0.0,0.0,0.0,0.0
1,8192.0,1024.0,8192.0,1024.0,31250000.0,boundary_16384_threshold,boundary,hann,31250000.0,31173706,31173706,-76294.0,-10.000007168,True,False,8293152,17179869184,17179869184,0,,D:\fft\fft_phase10_resource_opt\reports\phase10_cold_boot_20261009\finite\boundary_16384_threshold_hann,finite_window,boundary,,,,,,,,0.0,1048576,262144,edge,8192.0,8192.0,0.0,0.0,0.0,0.0,1024.0,1024.0,0.0,0.0,0.0,0.0
0,8192.0,1024.0,8192.0,1024.0,31250000.0,boundary_16384_digital_zero,boundary,rect,31250000.0,31250000,31250000,0.0,0.0,True,True,9925842,17179869184,17179869184,0,,D:\fft\fft_phase10_resource_opt\reports\phase10_cold_boot_20261009\finite\boundary_16384_digital_zero_rect,finite_window,boundary,,,,,,,,0.0,1048576,262144,edge,8192.0,8192.0,0.0,0.0,0.0,0.0,1024.0,1024.0,0.0,0.0,0.0,0.0
1,8192.0,1024.0,8192.0,1024.0,31250000.0,boundary_16384_digital_zero,boundary,rect,31250000.0,31250000,31250000,0.0,0.0,True,True,9925842,17179869184,17179869184,0,,D:\fft\fft_phase10_resource_opt\reports\phase10_cold_boot_20261009\finite\boundary_16384_digital_zero_rect,finite_window,boundary,,,,,,,,0.0,1048576,262144,edge,8192.0,8192.0,0.0,0.0,0.0,0.0,1024.0,1024.0,0.0,0.0,0.0,0.0
0,8192.0,1024.0,8192.0,1024.0,31250000.0,boundary_16384_digital_zero,boundary,hann,31250000.0,31150818,31150818,-99182.0,-12.999983104,True,False,8216858,17179869184,17179869184,0,,D:\fft\fft_phase10_resource_opt\reports\phase10_cold_boot_20261009\finite\boundary_16384_digital_zero_hann,finite_window,boundary,,,,,,,,0.0,1048576,262144,edge,8192.0,8192.0,0.0,0.0,0.0,0.0,1024.0,1024.0,0.0,0.0,0.0,0.0
1,8192.0,1024.0,8192.0,1024.0,31250000.0,boundary_16384_digital_zero,boundary,hann,31250000.0,31173706,31173706,-76294.0,-10.000007168,True,False,8293152,17179869184,17179869184,0,,D:\fft\fft_phase10_resource_opt\reports\phase10_cold_boot_20261009\finite\boundary_16384_digital_zero_hann,finite_window,boundary,,,,,,,,0.0,1048576,262144,edge,8192.0,8192.0,0.0,0.0,0.0,0.0,1024.0,1024.0,0.0,0.0,0.0,0.0
0,8192.0,2048.0,8192.0,2048.0,31250000.0,digital_gap_31,gap,rect,31250000.0,31250000,31250000,0.0,0.0,True,True,4852295,68719476736,68719476736,0,,D:\fft\fft_phase10_resource_opt\reports\phase10_cold_boot_20261009\finite\digital_gap_31_rect,finite_window,gap,,,,,,,,0.0,1048576,262144,edge,8192.0,8192.0,0.0,0.0,0.0,0.0,2048.0,2048.0,0.0,0.0,0.0,0.0
1,0.0,0.0,0.0,0.0,,digital_gap_31,gap,rect,31250000.0,0,0,,,False,,0,0,0,1,NO_POWER,D:\fft\fft_phase10_resource_opt\reports\phase10_cold_boot_20261009\finite\digital_gap_31_rect,finite_window,gap,,,,,,,,0.0,1048576,262144,background,0.0,0.0,0.0,,0.0,,0.0,0.0,0.0,,0.0,
0,8192.0,2048.0,8192.0,2048.0,31250000.0,digital_gap_31,gap,hann,31250000.0,31250000,31250000,0.0,0.0,True,True,4852295,68719476736,68719476736,0,,D:\fft\fft_phase10_resource_opt\reports\phase10_cold_boot_20261009\finite\digital_gap_31_hann,finite_window,gap,,,,,,,,0.0,1048576,262144,edge,8192.0,8192.0,0.0,0.0,0.0,0.0,2048.0,2048.0,0.0,0.0,0.0,0.0
1,0.0,0.0,0.0,0.0,,digital_gap_31,gap,hann,31250000.0,0,0,,,False,,0,0,0,1,NO_POWER,D:\fft\fft_phase10_resource_opt\reports\phase10_cold_boot_20261009\finite\digital_gap_31_hann,finite_window,gap,,,,,,,,0.0,1048576,262144,background,0.0,0.0,0.0,,0.0,,0.0,0.0,0.0,,0.0,
0,8192.0,2048.0,8192.0,2048.0,31250000.0,digital_gap_32,gap,rect,31250000.0,31250000,31250000,0.0,0.0,True,True,4837036,68719476736,68719476736,0,,D:\fft\fft_phase10_resource_opt\reports\phase10_cold_boot_20261009\finite\digital_gap_32_rect,finite_window,gap,,,,,,,,0.0,1048576,262144,edge,8192.0,8192.0,0.0,0.0,0.0,0.0,2048.0,2048.0,0.0,0.0,0.0,0.0
1,0.0,0.0,0.0,0.0,,digital_gap_32,gap,rect,31250000.0,0,0,,,False,,0,0,0,1,NO_POWER,D:\fft\fft_phase10_resource_opt\reports\phase10_cold_boot_20261009\finite\digital_gap_32_rect,finite_window,gap,,,,,,,,0.0,1048576,262144,background,0.0,0.0,0.0,,0.0,,0.0,0.0,0.0,,0.0,
0,8192.0,2048.0,8192.0,2048.0,31250000.0,digital_gap_32,gap,hann,31250000.0,31250000,31250000,0.0,0.0,True,True,4837036,68719476736,68719476736,0,,D:\fft\fft_phase10_resource_opt\reports\phase10_cold_boot_20261009\finite\digital_gap_32_hann,finite_window,gap,,,,,,,,0.0,1048576,262144,edge,8192.0,8192.0,0.0,0.0,0.0,0.0,2048.0,2048.0,0.0,0.0,0.0,0.0
1,0.0,0.0,0.0,0.0,,digital_gap_32,gap,hann,31250000.0,0,0,,,False,,0,0,0,1,NO_POWER,D:\fft\fft_phase10_resource_opt\reports\phase10_cold_boot_20261009\finite\digital_gap_32_hann,finite_window,gap,,,,,,,,0.0,1048576,262144,background,0.0,0.0,0.0,,0.0,,0.0,0.0,0.0,,0.0,
0,8192.0,2048.0,8192.0,2048.0,31250000.0,digital_gap_33,gap,rect,31250000.0,31250000,31250000,0.0,0.0,True,True,4814148,68719476736,68719476736,0,,D:\fft\fft_phase10_resource_opt\reports\phase10_cold_boot_20261009\finite\digital_gap_33_rect,finite_window,gap,,,,,,,,0.0,1048576,262144,edge,8192.0,8192.0,0.0,0.0,0.0,0.0,2048.0,2048.0,0.0,0.0,0.0,0.0
1,0.0,0.0,0.0,0.0,,digital_gap_33,gap,rect,31250000.0,0,0,,,False,,0,0,0,1,NO_POWER,D:\fft\fft_phase10_resource_opt\reports\phase10_cold_boot_20261009\finite\digital_gap_33_rect,finite_window,gap,,,,,,,,0.0,1048576,262144,background,0.0,0.0,0.0,,0.0,,0.0,0.0,0.0,,0.0,
0,8192.0,2048.0,8192.0,2048.0,31250000.0,digital_gap_33,gap,hann,31250000.0,31250000,31250000,0.0,0.0,True,True,4821777,68719476736,68719476736,0,,D:\fft\fft_phase10_resource_opt\reports\phase10_cold_boot_20261009\finite\digital_gap_33_hann,finite_window,gap,,,,,,,,0.0,1048576,262144,edge,8192.0,8192.0,0.0,0.0,0.0,0.0,2048.0,2048.0,0.0,0.0,0.0,0.0
1,0.0,0.0,0.0,0.0,,digital_gap_33,gap,hann,31250000.0,0,0,,,False,,0,0,0,1,NO_POWER,D:\fft\fft_phase10_resource_opt\reports\phase10_cold_boot_20261009\finite\digital_gap_33_hann,finite_window,gap,,,,,,,,0.0,1048576,262144,background,0.0,0.0,0.0,,0.0,,0.0,0.0,0.0,,0.0,
0,30708.757317742442,10017.709533276098,30708.316062184003,10017.705000565278,22132873.53515625,noise_0_91001,noise,hann,,22132874,22132874,,,False,,122550964,1644208198338,1644208198338,0,,D:\fft\fft_phase10_resource_opt\reports\phase10_cold_boot_20261009\finite\noise_0_91001_hann,finite_window,noise,91001,0,-0.04190610311075604,-0.04133818011745699,,,,0.0,4151042744,2075521372,edge,30708.75730895996,30708.75730895996,-8.782481017988175e-06,-2.8599271950721256e-10,0.441246775957552,1.4368966864351406e-05,10017.709518432617,10017.709518432617,-1.4843481039861217e-05,-1.4817240398671196e-09,0.004517867339018267,4.509882591634843e-07
1,30369.243981370364,10056.660266874269,30369.416542180872,10056.657774309382,-11032104.4921875,noise_0_91001,noise,hann,,-11032104,-11032104,,,False,,122947693,1657019035211,1657019035211,0,,D:\fft\fft_phase10_resource_opt\reports\phase10_cold_boot_20261009\finite\noise_0_91001_hann,finite_window,noise,91001,0,-0.04190610311075604,-0.04133818011745699,,,,0.0,4151042744,2075521372,edge,30369.24397277832,30369.24397277832,-8.592043741373345e-06,-2.829192503654035e-10,-0.17256940255174413,-5.682341717433326e-06,10056.660263061523,10056.660263061523,-3.8127454899949953e-06,-3.791264086501793e-10,0.0024887521412892966,2.4747308669954276e-07
0,31879.40898134719,10046.03952982175,31879.421696082314,10046.039200571346,-13740539.55078125,noise_0_91002,noise,hann,,-13740540,-13740540,,,False,,122169495,1653520961286,1653520961286,0,,D:\fft\fft_phase10_resource_opt\reports\phase10_cold_boot_20261009\finite\noise_0_91002_hann,finite_window,noise,91002,0,0.01056077833532596,0.011138831596187787,,,,0.0,4182705454,2091352727,edge,31879.408981323242,31879.408981323242,-2.3948814487084746e-08,-7.512314453852429e-13,-0.012714759071968729,-3.988390753503303e-07,10046.039520263672,10046.039520263672,-9.55807809077669e-06,-9.514274816860373e-10,0.0003196923262294149,3.182272334864402e-08
1,30586.83929404933,10053.656035006721,30586.58457684774,10053.654568295455,-8392333.984375,noise_0_91002,noise,hann,,-8392334,-8392334,,,False,,123184204,1656029178597,1656029178597,0,,D:\fft\fft_phase10_resource_opt\reports\phase10_cold_boot_20261009\finite\noise_0_91002_hann,finite_window,noise,91002,0,0.01056077833532596,0.011138831596187787,,,,0.0,4182705454,2091352727,edge,30586.839279174805,30586.839279174805,-1.487452391302213e-05,-4.863047067408489e-10,0.2547023270635691,8.32725623299451e-06,10053.656021118164,10053.656021118164,-1.3888557077734731e-05,-1.3814434300691137e-09,0.001452822709325119,1.4450692526344054e-07
0,29659.281262363726,9963.292824834123,29659.125427596362,9963.289233135161,6896972.65625,noise_0_91003,noise,hann,,6896973,6896973,,,False,,122741699,1626393868917,1626393868917,0,,D:\fft\fft_phase10_resource_opt\reports\phase10_cold_boot_20261009\finite\noise_0_91003_hann,finite_window,noise,91003,0,0.05709361459136279,0.05766879033741712,,,,0.0,4329688808,2164844404,edge,29659.28125,29659.28125,-1.2363725545583293e-05,-4.1685856903323874e-10,0.15582240363801247,5.253776077059486e-06,9963.29281616211,9963.29281616211,-8.672013791510835e-06,-8.703963583099058e-10,0.0035830269480356947,3.596228980404917e-07
1,33681.92519735177,10058.103946942849,33682.22578350211,10058.105785880349,25619506.8359375,noise_0_91003,noise,hann,,25619507,25619507,,,False,,123039246,1657494814843,1657494814843,0,,D:\fft\fft_phase10_resource_opt\reports\phase10_cold_boot_20261009\finite\noise_0_91003_hann,finite_window,noise,91003,0,0.05709361459136279,0.05766879033741712,,,,0.0,4329688808,2164844404,edge,33681.92518615723,33681.92518615723,-1.1194541002623737e-05,-3.32360485246369e-10,-0.30059734488168033,-8.924509526591795e-06,10058.103942871094,10058.103942871094,-4.071755029144697e-06,-4.048233196458765e-10,-0.001843009255026118,-1.832362170631919e-07
0,15033.389271884102,6333.691178695289,15033.84525673287,6333.691105238676,-15258789.0625,noise_10_91001,noise,hann,,-15258789,-15258789,,,False,,113746643,657254710429,657254710429,0,,D:\fft\fft_phase10_resource_opt\reports\phase10_cold_boot_20261009\finite\noise_10_91001_hann,finite_window,noise,91001,10,9.958093896889245,9.95864760715097,,,,0.0,415107548,207553774,edge,15033.389266967773,15033.389266967773,-4.91632818011567e-06,-3.270272651896492e-10,-0.455989765096092,-3.0330880577068476e-05,6333.691177368164,6333.691177368164,-1.3271246643853374e-06,-2.0953416056175934e-10,7.21294882168877e-05,1.1388223236404517e-08
1,15074.93406287404,6348.014026825857,15075.497807482341,6348.015285310173,-2128601.07421875,noise_10_91001,noise,hann,,-2128601,-2128601,,,False,,117767334,660230669677,660230669677,0,,D:\fft\fft_phase10_resource_opt\reports\phase10_cold_boot_20261009\finite\noise_10_91001_hann,finite_window,noise,91001,10,9.958093896889245,9.95864760715097,,,,0.0,415107548,207553774,edge,15074.934051513672,15074.934051513672,-1.1360367352608591e-05,-7.535931703068912e-10,-0.5637559686692839,-3.73955126304007e-05,6348.014022827148,6348.014022827148,-3.998708962171804e-06,-6.29914953759364e-10,-0.0012624830242202734,-1.9887838442068067e-07
0,15608.705904078019,6354.777003731199,15608.738583564937,6354.777936806739,-8842468.26171875,noise_10_91002,noise,hann,,-8842468,-8842468,,,False,,113021851,661638197529,661638197529,0,,D:\fft\fft_phase10_resource_opt\reports\phase10_cold_boot_20261009\finite\noise_10_91002_hann,finite_window,noise,91002,10,10.010560778335327,10.011155975221799,,,,0.0,418272506,209136253,edge,15608.70590209961,15608.70590209961,-1.9784092728514224e-06,-1.2675037155607704e-10,-0.03268146532718674,-2.0937928553431193e-06,6354.776992797852,6354.776992797852,-1.0933347766695078e-05,-1.7204927506151006e-09,-0.0009440088870178442,-1.4855104244479808e-07
1,14934.201451701394,6362.748544628751,14934.074578692424,6362.747988425385,-4264831.54296875,noise_10_91002,noise,hann,,-4264832,-4264832,,,False,,118003845,663299179187,663299179187,0,,D:\fft\fft_phase10_resource_opt\reports\phase10_cold_boot_20261009\finite\noise_10_91002_hann,finite_window,noise,91002,10,10.010560778335327,10.011155975221799,,,,0.0,418272506,209136253,edge,14934.201446533203,14934.201446533203,-5.16819090989884e-06,-3.4606409499786467e-10,0.126867840779596,8.495192662329943e-06,6362.74853515625,6362.74853515625,-9.47250100580277e-06,-1.4887435735298987e-09,0.0005467308646984748,8.592684571085401e-08
0,14851.616107346701,6330.154670197294,14851.908225901563,6330.155012355471,-2456665.0390625,noise_10_91003,noise,hann,,-2456665,-2456665,,,False,,114189148,656520939907,656520939907,0,,D:\fft\fft_phase10_resource_opt\reports\phase10_cold_boot_20261009\finite\noise_10_91003_hann,finite_window,noise,91003,10,10.057093614591363,10.057675704062357,,,,0.0,432965367,216482684,edge,14851.616104125977,14851.616104125977,-3.220724465791136e-06,-2.1686020177951737e-10,-0.2921217755865655,-1.9668972575329302e-05,6330.1546630859375,6330.1546630859375,-7.11135635356186e-06,-1.123409572761706e-09,-0.0003492695332170115,-5.517551032088347e-08
1,16249.471406787361,6363.111958225135,16249.291176529054,6363.111236396839,-9101867.67578125,noise_10_91003,noise,hann,,-9101868,-9101868,,,False,,117523193,663374951103,663374951103,0,,D:\fft\fft_phase10_resource_opt\reports\phase10_cold_boot_20261009\finite\noise_10_91003_hann,finite_window,noise,91003,10,10.057093614591363,10.057675704062357,,,,0.0,432965367,216482684,edge,16249.471405029297,16249.471405029297,-1.7580641724634916e-06,-1.0819208381936368e-10,0.1802285002431745,1.1091468439158858e-05,6363.111953735352,6363.111953735352,-4.489783350436483e-06,-7.055955293436043e-10,0.0007173385129135568,1.1273392626085149e-07
0,10290.933145249754,5845.76797807431,10291.343283240374,5845.766785675722,617980.95703125,noise_20_91001,noise,hann,,617981,617981,,,False,,103652954,559890485305,559890485305,0,,D:\fft\fft_phase10_resource_opt\reports\phase10_cold_boot_20261009\finite\noise_20_91001_hann,finite_window,noise,91001,20,19.958093896889245,19.958617241417013,,,,0.0,41512269,20756135,edge,10290.933135986328,10290.933135986328,-9.263425454264507e-06,-9.00154079665794e-10,-0.4101472540460236,-3.985361704083424e-05,5845.767974853516,5845.767974853516,-3.2207944968831725e-06,-5.509617400080518e-10,0.0011891777940036263,2.0342545941407537e-07
1,10331.007356497235,5850.120971028838,10330.976494900648,5850.117237247921,-2128601.07421875,noise_20_91001,noise,hann,,-2128601,-2128601,,,False,,104461670,560724629515,560724629515,0,,D:\fft\fft_phase10_resource_opt\reports\phase10_cold_boot_20261009\finite\noise_20_91001_hann,finite_window,noise,91001,20,19.958093896889245,19.958617241417013,,,,0.0,41512269,20756135,edge,10331.007354736328,10331.007354736328,-1.7609072529012337e-06,-1.7044874639391173e-10,0.030859835680530523,2.9871170160693797e-06,5850.120956420898,5850.120956420898,-1.4607939192501362e-05,-2.4970319870039067e-09,0.003719172977071139,6.35743323807431e-07
0,10534.170873875171,5853.752179018536,10534.518212049868,5853.7490392342615,-8842468.26171875,noise_20_91002,noise,hann,,-8842468,-8842468,,,False,,103393555,561420936370,561420936370,0,,D:\fft\fft_phase10_resource_opt\reports\phase10_cold_boot_20261009\finite\noise_20_91002_hann,finite_window,noise,91002,20,20.010560778335325,20.01117058529389,,,,0.0,41827400,20913700,edge,10534.170867919922,10534.170867919922,-5.9552494349190965e-06,-5.653268307701523e-10,-0.3473441299465776,-3.297199956892849e-05,5853.752166748047,5853.752166748047,-1.2270488696231041e-05,-2.0961749525734728e-09,0.0031275137853299384,5.342753446326516e-07
1,10263.189026808383,5856.9349931805855,10262.94144889502,5856.9382782803705,-4264831.54296875,noise_20_91002,noise,hann,,-4264832,-4264832,,,False,,104507446,562031616235,562031616235,0,,D:\fft\fft_phase10_resource_opt\reports\phase10_cold_boot_20261009\finite\noise_20_91002_hann,finite_window,noise,91002,20,20.010560778335325,20.01117058529389,,,,0.0,41827400,20913700,edge,10263.189025878906,10263.189025878906,-9.294763003708795e-07,-9.056408275663665e-11,0.24757698388566496,2.4123394361985842e-05,5856.934982299805,5856.934982299805,-1.0880780791922007e-05,-1.8577602115425292e-09,-0.003295980565781065,-5.627480449988254e-07
0,10261.247487513398,5847.1162607016895,10261.200183308498,5847.113241458377,-2456665.0390625,noise_20_91003,noise,hann,,-2456665,-2456665,,,False,,102783203,560148784188,560148784188,0,,D:\fft\fft_phase10_resource_opt\reports\phase10_cold_boot_20261009\finite\noise_20_91003_hann,finite_window,noise,91003,20,20.057093614591363,20.057673796991573,,,,0.0,43296707,21648354,edge,10261.247482299805,10261.247482299805,-5.2135928854113445e-06,-5.080856778628143e-10,0.04729899130688864,4.609498934035816e-06,5847.116256713867,5847.116256713867,-3.987822310591582e-06,-6.820152247345633e-10,0.0030152554900269024,5.156827592541789e-07
1,10739.111508872604,5856.859928242708,10738.864864516758,5856.860860495943,-11795043.9453125,noise_20_91003,noise,hann,,-11795044,-11795044,,,False,,104774475,562017209861,562017209861,0,,D:\fft\fft_phase10_resource_opt\reports\phase10_cold_boot_20261009\finite\noise_20_91003_hann,finite_window,noise,91003,20,20.057093614591363,20.057673796991573,,,,0.0,43296707,21648354,edge,10739.11149597168,10739.11149597168,-1.2900924048153684e-05,-1.2013027369624573e-09,0.24663145492195326,2.296624997460116e-05,5856.859924316406,5856.859924316406,-3.926301360479556e-06,-6.70376517209556e-10,-0.0009361795364384307,-1.5984322638649087e-07
0,20155.028280803777,5811.71678026037,20154.752915202083,5811.719589838906,-5134582.51953125,ofdm_qpsk_212100,wideband,rect,,-5134583,-5134583,,,False,,123771667,553386834886,553386834886,0,,D:\fft\fft_phase10_resource_opt\reports\phase10_cold_boot_20261009\finite\ofdm_qpsk_212100_rect,finite_window,wideband,212100,,,,,,,10.517547490987358,1048576,262144,edge,20155.028274536133,20155.028274536133,-6.2676444940734655e-06,-3.1097175388451073e-10,0.27535933404942625,1.3662253028253774e-05,5811.716766357422,5811.716766357422,-1.3902948012400884e-05,-2.3922273810077203e-09,-0.0028234814844836365,-4.858254843231175e-07
1,20113.925922106802,4867.3596238876735,20113.91953705225,4867.356994150517,-29319763.18359375,ofdm_qpsk_212100,wideband,rect,,-29319763,-29319763,,,False,,123725891,388156452180,388156452180,0,,D:\fft\fft_phase10_resource_opt\reports\phase10_cold_boot_20261009\finite\ofdm_qpsk_212100_rect,finite_window,wideband,212100,,,,,,,10.517547490987358,1048576,262144,edge,20113.9259185791,20113.9259185791,-3.527700755512342e-06,-1.753859872594598e-10,0.00638152685132809,3.172691846346781e-07,4867.359619140625,4867.359619140625,-4.747048478748184e-06,-9.752820513715413e-10,0.002624990108415659,5.393050297256426e-07
0,20155.028280803777,5811.71678026037,20154.752915202083,5811.719589838906,-59013366.69921875,ofdm_qpsk_212100,wideband,hann,,-59013367,-59013367,,,False,,123840332,553386834886,553386834886,0,,D:\fft\fft_phase10_resource_opt\reports\phase10_cold_boot_20261009\finite\ofdm_qpsk_212100_hann,finite_window,wideband,212100,,,,,,,10.517547490987358,1048576,262144,edge,20155.028274536133,20155.028274536133,-6.2676444940734655e-06,-3.1097175388451073e-10,0.27535933404942625,1.3662253028253774e-05,5811.716766357422,5811.716766357422,-1.3902948012400884e-05,-2.3922273810077203e-09,-0.0028234814844836365,-4.858254843231175e-07
1,20113.925922106802,4867.3596238876735,20113.91953705225,4867.356994150517,59562683.10546875,ofdm_qpsk_212100,wideband,hann,,59562683,59562683,,,False,,123748779,388156452180,388156452180,0,,D:\fft\fft_phase10_resource_opt\reports\phase10_cold_boot_20261009\finite\ofdm_qpsk_212100_hann,finite_window,wideband,212100,,,,,,,10.517547490987358,1048576,262144,edge,20113.9259185791,20113.9259185791,-3.527700755512342e-06,-1.753859872594598e-10,0.00638152685132809,3.172691846346781e-07,4867.359619140625,4867.359619140625,-4.747048478748184e-06,-9.752820513715413e-10,0.002624990108415659,5.393050297256426e-07
0,21127.176929253943,5809.347852765082,21127.38494669662,5809.345280280647,14472961.42578125,ofdm_qpsk_212101,wideband,rect,,14472961,14472961,,,False,,123771667,552935792221,552935792221,0,,D:\fft\fft_phase10_resource_opt\reports\phase10_cold_boot_20261009\finite\ofdm_qpsk_212101_rect,finite_window,wideband,212101,,,,,,,10.936780856729861,1048576,262144,edge,21127.17692565918,21127.17692565918,-3.5947632568422705e-06,-1.7014877420109774e-10,-0.2080210374406306,-9.846038114298468e-06,5809.347839355469,5809.347839355469,-1.34096135298023e-05,-2.308282077379772e-09,0.002559074821874674,4.405100228008906e-07
1,16987.145169215455,4856.781249729809,16987.164503212396,4856.7815935905055,23643493.65234375,ofdm_qpsk_212101,wideband,rect,,23643494,23643494,,,False,,123657227,386471102181,386471102181,0,,D:\fft\fft_phase10_resource_opt\reports\phase10_cold_boot_20261009\finite\ofdm_qpsk_212101_rect,finite_window,wideband,212101,,,,,,,10.936780856729861,1048576,262144,edge,16987.14515686035,16987.14515686035,-1.2355103535810485e-05,-7.273207718387387e-10,-0.019346352044522064,-1.138880596633036e-06,4856.781234741211,4856.781234741211,-1.4988598195486702e-05,-3.0861176208668123e-09,-0.00035884929457097314,-7.388623261226047e-08
0,21127.176929253943,5809.347852765082,21127.38494669662,5809.345280280647,24810791.015625,ofdm_qpsk_212101,wideband,hann,,24810791,24810791,,,False,,123695374,552935792221,552935792221,0,,D:\fft\fft_phase10_resource_opt\reports\phase10_cold_boot_20261009\finite\ofdm_qpsk_212101_hann,finite_window,wideband,212101,,,,,,,10.936780856729861,1048576,262144,edge,21127.17692565918,21127.17692565918,-3.5947632568422705e-06,-1.7014877420109774e-10,-0.2080210374406306,-9.846038114298468e-06,5809.347839355469,5809.347839355469,-1.34096135298023e-05,-2.308282077379772e-09,0.002559074821874674,4.405100228008906e-07
1,16987.145169215455,4856.781249729809,16987.164503212396,4856.7815935905055,37574768.06640625,ofdm_qpsk_212101,wideband,hann,,37574768,37574768,,,False,,123794556,386471102181,386471102181,0,,D:\fft\fft_phase10_resource_opt\reports\phase10_cold_boot_20261009\finite\ofdm_qpsk_212101_hann,finite_window,wideband,212101,,,,,,,10.936780856729861,1048576,262144,edge,16987.14515686035,16987.14515686035,-1.2355103535810485e-05,-7.273207718387387e-10,-0.019346352044522064,-1.138880596633036e-06,4856.781234741211,4856.781234741211,-1.4988598195486702e-05,-3.0861176208668123e-09,-0.00035884929457097314,-7.388623261226047e-08
0,18403.639449847957,5801.555821460647,18403.677367285574,5801.558796832756,-48439025.87890625,ofdm_qpsk_212102,wideband,rect,,-48439026,-48439026,,,False,,123741150,551453490373,551453490373,0,,D:\fft\fft_phase10_resource_opt\reports\phase10_cold_boot_20261009\finite\ofdm_qpsk_212102_rect,finite_window,wideband,212102,,,,,,,10.243342303627351,1048576,262144,edge,18403.639434814453,18403.639434814453,-1.5033503586892039e-05,-8.168766633284722e-10,-0.0379324711211666,-2.061135411371396e-06,5801.555816650391,5801.555816650391,-4.810256541531999e-06,-8.291321655026201e-10,-0.002980182365718065,-5.136864884218764e-07
1,19500.738780876996,4862.665927432602,19500.595195368027,4862.662693007567,-51033020.01953125,ofdm_qpsk_212102,wideband,rect,,-51033020,-51033020,,,False,,123741150,387408198399,387408198399,0,,D:\fft\fft_phase10_resource_opt\reports\phase10_cold_boot_20261009\finite\ofdm_qpsk_212102_rect,finite_window,wideband,212102,,,,,,,10.243342303627351,1048576,262144,edge,19500.73876953125,19500.73876953125,-1.134574631578289e-05,-5.818111017880444e-10,0.1435741632230929,7.362552875165372e-06,4862.665924072266,4862.665924072266,-3.3603364499867894e-06,-6.910481822387879e-10,0.003231064698411501,6.644640811828715e-07
0,18403.639449847957,5801.555821460647,18403.677367285574,5801.558796832756,-40481567.3828125,ofdm_qpsk_212102,wideband,hann,,-40481567,-40481567,,,False,,123809814,551453490373,551453490373,0,,D:\fft\fft_phase10_resource_opt\reports\phase10_cold_boot_20261009\finite\ofdm_qpsk_212102_hann,finite_window,wideband,212102,,,,,,,10.243342303627351,1048576,262144,edge,18403.639434814453,18403.639434814453,-1.5033503586892039e-05,-8.168766633284722e-10,-0.0379324711211666,-2.061135411371396e-06,5801.555816650391,5801.555816650391,-4.810256541531999e-06,-8.291321655026201e-10,-0.002980182365718065,-5.136864884218764e-07
1,19500.738780876996,4862.665927432602,19500.595195368027,4862.662693007567,16746520.99609375,ofdm_qpsk_212102,wideband,hann,,16746521,16746521,,,False,,123786926,387408198399,387408198399,0,,D:\fft\fft_phase10_resource_opt\reports\phase10_cold_boot_20261009\finite\ofdm_qpsk_212102_hann,finite_window,wideband,212102,,,,,,,10.243342303627351,1048576,262144,edge,19500.73876953125,19500.73876953125,-1.134574631578289e-05,-5.818111017880444e-10,0.1435741632230929,7.362552875165372e-06,4862.665924072266,4862.665924072266,-3.3603364499867894e-06,-6.910481822387879e-10,0.003231064698411501,6.644640811828715e-07
0,18501.973327188643,5795.149846654374,18501.99202454521,5795.149692714014,6103515.625,ofdm_qam16_212100,wideband,rect,,6103516,6103516,,,False,,123649597,550236352433,550236352433,0,,D:\fft\fft_phase10_resource_opt\reports\phase10_cold_boot_20261009\finite\ofdm_qam16_212100_rect,finite_window,wideband,212100,,,,,,,9.805483865321134,1048576,262144,edge,18501.97331237793,18501.97331237793,-1.4810713764745742e-05,-8.004937366859892e-10,-0.01871216727886349,-1.0113596013899183e-06,5795.149841308594,5795.149841308594,-5.345780664356425e-06,-9.224577113295221e-10,0.00014859457951388322,2.5641197793510773e-08
1,17601.427214859596,4844.914396498602,17601.78562466659,4844.9170520801335,-28892517.08984375,ofdm_qam16_212100,wideband,rect,,-28892517,-28892517,,,False,,123619080,384584835226,384584835226,0,,D:\fft\fft_phase10_resource_opt\reports\phase10_cold_boot_20261009\finite\ofdm_qam16_212100_rect,finite_window,wideband,212100,,,,,,,9.805483865321134,1048576,262144,edge,17601.427200317383,17601.427200317383,-1.4542212738888338e-05,-8.261950898283642e-10,-0.3584243492077803,-2.0362953898580363e-05,4844.91438293457,4844.91438293457,-1.3564032087742817e-05,-2.799643291436786e-09,-0.002669145563231723,-5.509166688593239e-07
0,18501.973327188643,5795.149846654374,18501.99202454521,5795.149692714014,-59013366.69921875,ofdm_qam16_212100,wideband,hann,,-59013367,-59013367,,,False,,123588562,550236352433,550236352433,0,,D:\fft\fft_phase10_resource_opt\reports\phase10_cold_boot_20261009\finite\ofdm_qam16_212100_hann,finite_window,wideband,212100,,,,,,,9.805483865321134,1048576,262144,edge,18501.97331237793,18501.97331237793,-1.4810713764745742e-05,-8.004937366859892e-10,-0.01871216727886349,-1.0113596013899183e-06,5795.149841308594,5795.149841308594,-5.345780664356425e-06,-9.224577113295221e-10,0.00014859457951388322,2.5641197793510773e-08
1,17601.427214859596,4844.914396498602,17601.78562466659,4844.9170520801335,-48072814.94140625,ofdm_qam16_212100,wideband,hann,,-48072815,-48072815,,,False,,123619080,384584835226,384584835226,0,,D:\fft\fft_phase10_resource_opt\reports\phase10_cold_boot_20261009\finite\ofdm_qam16_212100_hann,finite_window,wideband,212100,,,,,,,9.805483865321134,1048576,262144,edge,17601.427200317383,17601.427200317383,-1.4542212738888338e-05,-8.261950898283642e-10,-0.3584243492077803,-2.0362953898580363e-05,4844.91438293457,4844.91438293457,-1.3564032087742817e-05,-2.799643291436786e-09,-0.002669145563231723,-5.509166688593239e-07
0,19387.32493151131,5810.703573895475,19386.887881707888,5810.706809652724,14472961.42578125,ofdm_qam16_212101,wideband,rect,,14472961,14472961,,,False,,123786926,553193898372,553193898372,0,,D:\fft\fft_phase10_resource_opt\reports\phase10_cold_boot_20261009\finite\ofdm_qam16_212101_rect,finite_window,wideband,212101,,,,,,,10.194038259632968,1048576,262144,edge,19387.324920654297,19387.324920654297,-1.0857012966880575e-05,-5.60005725660174e-10,0.4370389464093023,2.254301717098502e-05,5810.703567504883,5810.703567504883,-6.3905918068485335e-06,-1.099796560877447e-09,-0.003242147840865073,-5.579610100924778e-07
1,17774.151231493448,4849.699246241121,17774.45535110072,4849.69949821238,23643493.65234375,ofdm_qam16_212101,wideband,rect,,23643494,23643494,,,False,,123588562,385344844251,385344844251,0,,D:\fft\fft_phase10_resource_opt\reports\phase10_cold_boot_20261009\finite\ofdm_qam16_212101_rect,finite_window,wideband,212101,,,,,,,10.194038259632968,1048576,262144,edge,17774.1512298584,17774.1512298584,-1.6350495570804924e-06,-9.199030298467363e-11,-0.30412124232316273,-1.7110017511975655e-05,4849.699234008789,4849.699234008789,-1.223233175551286e-05,-2.5222866685998788e-09,-0.00026420359063195065,-5.447834257139793e-08
0,19387.32493151131,5810.703573895475,19386.887881707888,5810.706809652724,21789550.78125,ofdm_qam16_212101,wideband,hann,,21789551,21789551,,,False,,123748779,553193898372,553193898372,0,,D:\fft\fft_phase10_resource_opt\reports\phase10_cold_boot_20261009\finite\ofdm_qam16_212101_hann,finite_window,wideband,212101,,,,,,,10.194038259632968,1048576,262144,edge,19387.324920654297,19387.324920654297,-1.0857012966880575e-05,-5.60005725660174e-10,0.4370389464093023,2.254301717098502e-05,5810.703567504883,5810.703567504883,-6.3905918068485335e-06,-1.099796560877447e-09,-0.003242147840865073,-5.579610100924778e-07
1,17774.151231493448,4849.699246241121,17774.45535110072,4849.69949821238,16593933.10546875,ofdm_qam16_212101,wideband,hann,,16593933,16593933,,,False,,123664856,385344844251,385344844251,0,,D:\fft\fft_phase10_resource_opt\reports\phase10_cold_boot_20261009\finite\ofdm_qam16_212101_hann,finite_window,wideband,212101,,,,,,,10.194038259632968,1048576,262144,edge,17774.1512298584,17774.1512298584,-1.6350495570804924e-06,-9.199030298467363e-11,-0.30412124232316273,-1.7110017511975655e-05,4849.699234008789,4849.699234008789,-1.223233175551286e-05,-2.5222866685998788e-09,-0.00026420359063195065,-5.447834257139793e-08
0,18405.514526901985,5812.087826841693,18405.232555667204,5812.088812899147,-8049011.23046875,ofdm_qam16_212102,wideband,rect,,-8049011,-8049011,,,False,,123710632,553457498635,553457498635,0,,D:\fft\fft_phase10_resource_opt\reports\phase10_cold_boot_20261009\finite\ofdm_qam16_212102_rect,finite_window,wideband,212102,,,,,,,10.386241108491438,1048576,262144,edge,18405.514526367188,18405.514526367188,-5.347974365577102e-07,-2.9056369805692537e-11,0.28197069998350344,1.532013785376926e-05,5812.087814331055,5812.087814331055,-1.2510638043750077e-05,-2.152520473963381e-09,-0.0009985680926547502,-1.718088151782132e-07
1,19875.930820970374,4881.024209739137,19876.09892421994,4881.023003361231,51383972.16796875,ofdm_qam16_212102,wideband,rect,,51383972,51383972,,,False,,123809814,390338925954,390338925954,0,,D:\fft\fft_phase10_resource_opt\reports\phase10_cold_boot_20261009\finite\ofdm_qam16_212102_rect,finite_window,wideband,212102,,,,,,,10.386241108491438,1048576,262144,edge,19875.93081665039,19875.93081665039,-4.319983418099582e-06,-2.1734747705711092e-10,-0.16810756954873796,-8.457774847552764e-06,4881.024200439453,4881.024200439453,-9.299684279540088e-06,-1.9052731311974176e-09,0.0011970782225034782,2.452515019247259e-07
0,18405.514526901985,5812.087826841693,18405.232555667204,5812.088812899147,6828308.10546875,ofdm_qam16_212102,wideband,hann,,6828308,6828308,,,False,,123771667,553457498635,553457498635,0,,D:\fft\fft_phase10_resource_opt\reports\phase10_cold_boot_20261009\finite\ofdm_qam16_212102_hann,finite_window,wideband,212102,,,,,,,10.386241108491438,1048576,262144,edge,18405.514526367188,18405.514526367188,-5.347974365577102e-07,-2.9056369805692537e-11,0.28197069998350344,1.532013785376926e-05,5812.087814331055,5812.087814331055,-1.2510638043750077e-05,-2.152520473963381e-09,-0.0009985680926547502,-1.718088151782132e-07
1,19875.930820970374,4881.024209739137,19876.09892421994,4881.023003361231,10032653.80859375,ofdm_qam16_212102,wideband,hann,,10032654,10032654,,,False,,123733521,390338925954,390338925954,0,,D:\fft\fft_phase10_resource_opt\reports\phase10_cold_boot_20261009\finite\ofdm_qam16_212102_hann,finite_window,wideband,212102,,,,,,,10.386241108491438,1048576,262144,edge,19875.93081665039,19875.93081665039,-4.319983418099582e-06,-2.1734747705711092e-10,-0.16810756954873796,-8.457774847552764e-06,4881.024200439453,4881.024200439453,-9.299684279540088e-06,-1.9052731311974176e-09,0.0011970782225034782,2.452515019247259e-07
