host_ms,vp_vn,temperature,vccint,vccpint,vccbram,vccoddr
1791541302686,0.141,60.2,0.970,0.970,0.973,1.333
1791541302918,0.144,60.4,0.961,0.968,0.968,1.332
1791541303124,0.138,60.4,0.968,0.968,0.973,1.332
1791541303343,0.140,59.1,0.968,0.969,0.973,1.331
1791541303557,0.143,59.3,0.962,0.965,0.972,1.332
1791541303779,0.136,60.5,0.972,0.971,0.969,1.332
1791541303997,0.140,60.0,0.968,0.968,0.969,1.334
1791541304216,0.144,60.3,0.973,0.967,0.971,1.334
1791541304433,0.141,60.3,0.970,0.967,0.973,1.334
1791541304653,0.139,60.3,0.964,0.969,0.972,1.329
1791541304872,0.142,60.5,0.965,0.968,0.974,1.331
1791541305094,0.134,60.4,0.968,0.970,0.971,1.333
1791541305312,0.141,60.7,0.968,0.971,0.962,1.331
1791541305516,0.141,60.0,0.970,0.968,0.971,1.332
1791541305723,0.145,59.9,0.969,0.962,0.970,1.329
1791541305941,0.138,60.5,0.972,0.970,0.968,1.334
1791541306160,0.140,60.4,0.969,0.969,0.973,1.329
1791541306376,0.144,60.2,0.968,0.965,0.966,1.332
1791541306579,0.144,60.0,0.964,0.968,0.970,1.333
1791541306796,0.135,59.8,0.974,0.963,0.976,1.334
1791541307001,0.141,60.8,0.970,0.965,0.971,1.331
1791541307221,0.145,60.2,0.967,0.969,0.962,1.332
1791541307436,0.137,60.0,0.974,0.965,0.968,1.332
1791541307641,0.139,60.0,0.968,0.966,0.973,1.334
1791541307852,0.140,59.4,0.968,0.967,0.972,1.332
1791541308068,0.143,59.9,0.968,0.967,0.970,1.332
1791541308273,0.143,60.4,0.968,0.965,0.976,1.330
1791541308479,0.135,59.4,0.970,0.971,0.974,1.332
1791541308697,0.141,60.0,0.975,0.969,0.968,1.334
1791541308905,0.145,60.9,0.968,0.969,0.964,1.332
1791541309113,0.145,59.7,0.971,0.970,0.972,1.334
1791541309332,0.138,59.7,0.969,0.963,0.971,1.332
1791541309540,0.140,60.3,0.967,0.965,0.968,1.333
1791541309749,0.142,60.5,0.968,0.962,0.973,1.334
1791541309953,0.143,59.8,0.969,0.969,0.968,1.331
1791541310161,0.135,60.2,0.970,0.968,0.972,1.332
1791541310368,0.135,60.0,0.972,0.967,0.965,1.332
1791541310578,0.141,60.0,0.968,0.968,0.973,1.332
1791541310782,0.145,60.3,0.972,0.959,0.969,1.330
1791541311000,0.138,59.8,0.967,0.968,0.973,1.333
1791541311207,0.138,60.0,0.971,0.968,0.971,1.329
1791541311424,0.140,60.3,0.965,0.969,0.970,1.332
1791541311643,0.143,59.8,0.965,0.967,0.968,1.332
1791541311862,0.135,60.2,0.969,0.968,0.974,1.333
1791541312083,0.142,60.3,0.975,0.967,0.973,1.332
1791541312299,0.145,59.7,0.970,0.971,0.965,1.330
1791541312504,0.138,60.3,0.975,0.966,0.970,1.336
1791541312720,0.140,59.9,0.973,0.969,0.969,1.334
1791541312924,0.141,60.0,0.968,0.965,0.971,1.332
1791541313131,0.143,60.5,0.965,0.971,0.965,1.334
1791541313338,0.140,60.2,0.972,0.971,0.971,1.332
1791541313555,0.135,60.3,0.970,0.969,0.970,1.331
1791541313758,0.142,60.2,0.966,0.967,0.965,1.329
1791541313967,0.145,60.0,0.968,0.957,0.970,1.328
1791541314184,0.137,59.4,0.971,0.968,0.970,1.332
1791541314389,0.138,60.2,0.973,0.968,0.973,1.332
1791541314597,0.140,60.0,0.974,0.966,0.967,1.331
1791541314812,0.142,60.9,0.969,0.964,0.970,1.332
1791541315035,0.135,59.3,0.976,0.967,0.973,1.333
1791541315250,0.140,60.3,0.969,0.959,0.973,1.332
1791541315453,0.141,59.6,0.965,0.965,0.971,1.332
1791541315659,0.145,60.3,0.973,0.961,0.970,1.332
1791541315872,0.138,59.8,0.972,0.968,0.970,1.332
1791541316094,0.139,60.3,0.969,0.973,0.970,1.329
1791541316309,0.142,60.2,0.969,0.970,0.965,1.334
1791541316514,0.143,60.0,0.970,0.967,0.970,1.333
1791541316721,0.135,60.2,0.975,0.971,0.969,1.332
1791541316936,0.141,60.5,0.970,0.965,0.969,1.332
1791541317158,0.145,59.9,0.970,0.967,0.971,1.331
1791541317373,0.138,60.8,0.970,0.965,0.973,1.330
1791541317578,0.138,60.8,0.969,0.971,0.975,1.330
1791541317796,0.140,60.8,0.970,0.966,0.966,1.334
1791541318001,0.143,59.7,0.972,0.967,0.966,1.333
1791541318221,0.135,60.4,0.970,0.964,0.976,1.335
1791541318436,0.140,59.9,0.969,0.968,0.968,1.336
1791541318640,0.141,60.2,0.968,0.968,0.972,1.334
1791541318859,0.145,60.5,0.968,0.965,0.965,1.332
1791541319078,0.138,60.4,0.969,0.968,0.968,1.329
1791541319295,0.140,59.6,0.973,0.966,0.969,1.332
1791541319512,0.143,60.3,0.973,0.968,0.970,1.333
1791541319720,0.135,60.4,0.972,0.973,0.973,1.332
1791541319934,0.139,59.9,0.968,0.968,0.971,1.333
1791541320139,0.141,60.4,0.968,0.965,0.973,1.332
1791541320346,0.145,60.7,0.965,0.965,0.973,1.332
1791541320561,0.139,60.7,0.968,0.968,0.973,1.333
1791541320782,0.139,60.2,0.965,0.969,0.971,1.331
1791541320996,0.142,60.3,0.968,0.967,0.973,1.330
1791541321200,0.143,59.9,0.971,0.965,0.970,1.331
1791541321407,0.135,60.2,0.973,0.972,0.970,1.331
1791541321623,0.140,60.2,0.967,0.967,0.972,1.332
1791541321845,0.145,60.3,0.970,0.971,0.963,1.330
1791541322060,0.138,60.4,0.968,0.968,0.970,1.332
1791541322264,0.138,60.8,0.972,0.968,0.969,1.334
1791541322482,0.140,60.3,0.969,0.968,0.969,1.334
1791541322688,0.143,60.8,0.960,0.967,0.971,1.332
1791541322893,0.143,60.2,0.962,0.969,0.973,1.330
1791541323102,0.135,60.2,0.974,0.968,0.969,1.332
1791541323320,0.141,60.3,0.970,0.968,0.971,1.333
1791541323527,0.145,60.9,0.969,0.964,0.970,1.329
1791541323736,0.146,60.5,0.969,0.959,0.968,1.337
1791541323954,0.138,60.2,0.967,0.968,0.973,1.330
1791541324160,0.140,60.8,0.969,0.968,0.971,1.334
1791541324371,0.142,60.5,0.970,0.965,0.970,1.332
1791541324574,0.144,59.4,0.968,0.969,0.967,1.334
1791541324781,0.134,60.5,0.968,0.972,0.969,1.333
1791541324989,0.135,59.8,0.971,0.965,0.971,1.330
1791541325197,0.141,61.0,0.967,0.969,0.965,1.330
1791541325415,0.145,59.8,0.960,0.966,0.970,1.328
1791541325618,0.145,60.3,0.968,0.967,0.970,1.330
1791541325826,0.138,60.2,0.974,0.970,0.968,1.333
1791541326043,0.140,59.8,0.970,0.970,0.973,1.332
1791541326247,0.142,59.8,0.966,0.968,0.965,1.334
1791541326454,0.144,60.2,0.970,0.967,0.972,1.332
1791541326672,0.135,59.8,0.968,0.971,0.973,1.332
1791541326889,0.141,59.9,0.972,0.967,0.970,1.332
1791541327097,0.140,59.7,0.970,0.968,0.969,1.332
1791541327313,0.144,60.4,0.970,0.958,0.970,1.334
1791541327533,0.139,59.6,0.968,0.970,0.970,1.330
1791541327748,0.139,60.4,0.965,0.970,0.970,1.334
1791541327952,0.140,60.2,0.970,0.964,0.969,1.331
1791541328159,0.143,60.3,0.966,0.968,0.968,1.332
1791541328376,0.135,60.4,0.970,0.971,0.974,1.332
1791541328595,0.141,60.8,0.973,0.962,0.969,1.335
1791541328813,0.145,60.4,0.961,0.965,0.969,1.332
1791541329033,0.138,59.6,0.972,0.969,0.972,1.334
1791541329251,0.140,59.9,0.965,0.968,0.973,1.332
1791541329471,0.143,60.3,0.960,0.965,0.971,1.330
1791541329689,0.134,59.9,0.971,0.970,0.970,1.330
1791541329894,0.135,60.7,0.975,0.971,0.968,1.332
1791541330112,0.141,60.2,0.966,0.968,0.973,1.333
1791541330315,0.145,60.2,0.970,0.967,0.969,1.331
1791541330520,0.145,60.2,0.969,0.971,0.970,1.332
1791541330727,0.139,60.3,0.969,0.973,0.970,1.332
1791541330943,0.140,60.2,0.973,0.963,0.967,1.332
1791541331165,0.143,60.0,0.964,0.970,0.973,1.332
1791541331382,0.135,60.4,0.965,0.970,0.973,1.332
1791541331587,0.136,60.8,0.965,0.973,0.972,1.330
1791541331794,0.141,60.5,0.970,0.963,0.970,1.331
1791541332011,0.145,59.9,0.968,0.972,0.971,1.332
1791541332216,0.138,60.4,0.971,0.970,0.968,1.333
1791541332422,0.139,59.8,0.971,0.966,0.970,1.332
1791541332639,0.140,60.2,0.967,0.970,0.970,1.333
1791541332844,0.143,60.3,0.970,0.970,0.968,1.333
1791541333064,0.135,60.4,0.970,0.968,0.973,1.332
1791541333282,0.141,59.7,0.970,0.970,0.967,1.332
1791541333488,0.141,60.5,0.970,0.967,0.971,1.329
1791541333704,0.145,59.8,0.961,0.965,0.969,1.331
1791541333909,0.138,59.6,0.971,0.972,0.973,1.333
1791541334116,0.139,60.2,0.971,0.970,0.970,1.332
1791541334332,0.141,59.9,0.973,0.958,0.970,1.332
1791541334553,0.143,60.0,0.970,0.970,0.970,1.334
1791541334769,0.135,60.9,0.970,0.968,0.976,1.333
1791541334989,0.142,59.2,0.961,0.966,0.971,1.333
1791541335207,0.145,60.0,0.968,0.967,0.970,1.332
1791541335410,0.139,60.4,0.968,0.966,0.972,1.333
1791541335617,0.138,60.7,0.970,0.967,0.972,1.331
1791541335834,0.140,60.9,0.964,0.970,0.974,1.336
1791541336056,0.142,59.9,0.973,0.969,0.970,1.332
1791541336272,0.135,60.7,0.964,0.968,0.973,1.330
1791541336493,0.142,60.7,0.970,0.959,0.968,1.332
1791541336708,0.145,59.9,0.972,0.967,0.973,1.336
1791541336913,0.139,60.5,0.972,0.969,0.967,1.335
1791541337120,0.139,60.5,0.969,0.965,0.971,1.331
1791541337339,0.142,60.5,0.971,0.968,0.970,1.328
1791541337543,0.143,60.3,0.970,0.962,0.972,1.334
1791541337751,0.135,60.7,0.974,0.971,0.967,1.332
1791541337968,0.140,60.4,0.970,0.968,0.966,1.326
1791541338173,0.141,60.7,0.966,0.965,0.968,1.334
1791541338381,0.145,59.8,0.965,0.968,0.969,1.333
1791541338596,0.139,59.8,0.970,0.970,0.968,1.330
1791541338813,0.140,60.3,0.970,0.968,0.968,1.334
1791541339030,0.143,60.5,0.971,0.963,0.971,1.331
1791541339233,0.143,60.8,0.970,0.965,0.968,1.333
1791541339441,0.135,60.8,0.974,0.969,0.970,1.330
1791541339658,0.140,60.4,0.966,0.967,0.971,1.328
1791541339861,0.141,59.9,0.972,0.970,0.968,1.334
1791541340068,0.145,59.7,0.968,0.962,0.969,1.329
1791541340285,0.138,59.7,0.967,0.970,0.975,1.331
1791541340491,0.138,60.3,0.965,0.966,0.971,1.329
1791541340698,0.140,59.4,0.969,0.968,0.973,1.332
1791541340914,0.143,59.3,0.972,0.964,0.970,1.332
1791541341135,0.135,60.7,0.970,0.973,0.972,1.330
1791541341352,0.141,60.3,0.973,0.969,0.969,1.330
1791541341558,0.142,59.7,0.965,0.965,0.972,1.330
1791541341776,0.138,60.3,0.973,0.969,0.972,1.332
1791541341981,0.138,61.2,0.970,0.968,0.965,1.332
1791541342187,0.140,59.4,0.972,0.967,0.967,1.329
1791541342405,0.143,60.4,0.974,0.966,0.968,1.331
1791541342610,0.144,60.8,0.969,0.963,0.971,1.331
1791541342815,0.135,60.3,0.971,0.967,0.974,1.332
1791541343023,0.137,61.2,0.968,0.969,0.970,1.331
1791541343239,0.141,60.2,0.962,0.968,0.970,1.331
1791541343444,0.145,60.2,0.968,0.958,0.971,1.334
1791541343650,0.144,60.0,0.969,0.967,0.976,1.327
1791541343867,0.139,60.2,0.967,0.970,0.970,1.334
1791541344072,0.140,60.3,0.970,0.965,0.968,1.332
1791541344289,0.143,59.6,0.968,0.970,0.964,1.332
1791541344492,0.144,60.4,0.970,0.973,0.973,1.332
1791541344695,0.135,61.3,0.969,0.964,0.973,1.332
1791541344904,0.141,60.8,0.968,0.970,0.968,1.332
1791541345123,0.144,60.5,0.965,0.966,0.966,1.332
1791541345328,0.146,60.3,0.968,0.962,0.965,1.333
1791541345535,0.138,60.4,0.973,0.970,0.969,1.332
1791541345740,0.139,60.5,0.969,0.965,0.968,1.331
1791541345946,0.140,59.4,0.969,0.963,0.970,1.334
1791541346153,0.142,59.8,0.969,0.965,0.963,1.332
1791541346362,0.143,60.7,0.962,0.966,0.972,1.332
1791541346565,0.135,60.0,0.965,0.969,0.973,1.332
1791541346770,0.135,59.8,0.973,0.969,0.975,1.331
1791541346976,0.141,60.3,0.963,0.966,0.972,1.333
1791541347186,0.145,61.0,0.970,0.963,0.967,1.331
1791541347403,0.138,60.3,0.970,0.965,0.970,1.330
1791541347609,0.139,60.2,0.971,0.967,0.972,1.332
1791541347828,0.140,60.4,0.968,0.965,0.972,1.332
1791541348044,0.143,60.3,0.968,0.964,0.971,1.333
1791541348253,0.135,59.8,0.969,0.970,0.971,1.332
1791541348470,0.141,61.4,0.970,0.968,0.971,1.332
1791541348676,0.142,60.9,0.968,0.968,0.972,1.334
1791541348882,0.145,60.3,0.962,0.968,0.973,1.331
1791541349100,0.139,59.8,0.969,0.968,0.971,1.334
1791541349306,0.138,60.5,0.967,0.968,0.968,1.330
1791541349524,0.142,60.7,0.968,0.961,0.969,1.332
1791541349739,0.144,59.9,0.974,0.970,0.972,1.332
1791541349947,0.135,60.2,0.976,0.970,0.970,1.332
1791541350163,0.141,60.4,0.967,0.968,0.970,1.334
1791541350366,0.142,59.7,0.961,0.967,0.968,1.332
1791541350573,0.145,60.8,0.968,0.968,0.962,1.335
1791541350777,0.141,60.3,0.971,0.969,0.972,1.333
1791541350983,0.138,60.5,0.970,0.966,0.972,1.331
1791541351191,0.140,60.3,0.971,0.965,0.969,1.332
1791541351400,0.142,60.2,0.965,0.969,0.971,1.330
1791541351603,0.144,59.9,0.969,0.961,0.970,1.331
1791541351810,0.134,61.0,0.972,0.971,0.973,1.332
1791541352030,0.142,60.2,0.969,0.969,0.971,1.331
1791541352247,0.144,60.5,0.968,0.959,0.968,1.333
1791541352450,0.145,60.3,0.967,0.965,0.968,1.332
1791541352661,0.138,60.7,0.969,0.968,0.972,1.331
1791541352874,0.140,60.4,0.969,0.965,0.972,1.331
1791541353080,0.140,60.2,0.968,0.970,0.967,1.323
1791541353298,0.144,61.0,0.962,0.968,0.969,1.332
1791541353516,0.135,59.7,0.971,0.968,0.972,1.332
1791541353722,0.141,59.9,0.970,0.962,0.971,1.332
1791541353939,0.145,59.7,0.968,0.962,0.970,1.330
1791541354159,0.138,60.5,0.965,0.968,0.965,1.333
1791541354375,0.140,60.5,0.975,0.971,0.970,1.333
1791541354596,0.143,60.3,0.969,0.964,0.969,1.331
1791541354813,0.135,60.0,0.970,0.970,0.973,1.333
1791541355017,0.135,60.2,0.975,0.972,0.970,1.334
1791541355227,0.142,60.0,0.972,0.964,0.965,1.334
1791541355431,0.142,61.0,0.970,0.967,0.970,1.332
